Symbol,Price~,Type,Strike,"Exp Date",DTE,Bid,Midpoint,Ask,Last,Volume,"Open Int",Vol/OI,IV,Delta,Time
NKLA,5.77,Put,5,2022-05-27,11,0.26,0.27,0.28,0.27,15054,104,144.75,154.86%,-0.252296,2022-05-16
CHPT,9.94,Put,9.5,2022-05-27,11,0.44,0.45,0.46,0.44,26351,320,82.35,94.59%,-0.360225,2022-05-16
TNK,18.08,Call,22.5,2022-06-17,32,0.15,0.18,0.2,0.19,7788,110,70.8,60.17%,0.127446,2022-05-16
AEM,51.65,Call,80,2024-01-19,613,3.8,3.9,4,3.89,8846,133,66.51,44.17%,0.276821,2022-05-16
QS,11.47,Call,12,2022-05-20,4,0.33,0.35,0.37,0.32,9131,194,47.07,117.76%,0.380246,2022-05-16
MOMO,4.99,Put,4.38,2022-07-15,60,0.3,0.32,0.35,0.35,6575,141,46.63,80.55%,-0.286859,2022-05-16
BA,124.05,Put,122,2022-05-20,4,2.63,2.78,2.92,2.78,4705,110,42.77,72.33%,-0.39822,2022-05-16
DIS,105.18,Put,100,2022-06-24,39,2.76,2.8,2.85,2.83,5012,146,34.33,37.40%,-0.317638,2022-05-16
DKNG,12.48,Put,7.5,2022-06-17,32,0.11,0.11,0.12,0.1,57238,1906,30.03,119.79%,-0.05336,2022-05-16
UAA,10.92,Call,12.5,2024-01-19,613,2.38,2.51,2.65,2.52,4500,155,29.03,54.89%,0.565769,2022-05-16
FSLY,11.51,Call,12,2022-05-20,4,0.45,0.46,0.46,0.46,7707,294,26.21,138.04%,0.41438,2022-05-16
WMT,148.21,Put,141,2022-05-20,4,1.03,1.06,1.08,1.07,6219,244,25.49,59.14%,-0.202128,2022-05-16
FIGS,9.67,Call,10,2022-06-17,32,1.05,1.08,1.1,1.1,5747,233,24.67,108.78%,0.52266,2022-05-16
CS,6.53,Call,6,2022-05-20,4,0.55,0.58,0.6,0.6,5116,208,24.6,96.07%,0.813699,2022-05-16
HAL,37.57,Call,39,2022-08-19,95,3.15,3.22,3.3,3.3,3834,181,21.18,51.89%,0.490875,2022-05-16
MO,53.74,Call,54.5,2022-05-20,4,0.26,0.28,0.3,0.28,3004,142,21.15,26.33%,0.301942,2022-05-16
OXY,67.72,Put,66,2022-05-20,4,1.07,1.1,1.12,1.04,3031,149,20.34,65.40%,-0.341314,2022-05-16
BALL,71.71,Put,70,2022-06-17,32,2,2.23,2.45,2.1,2942,149,19.74,34.02%,-0.389326,2022-05-16
NKLA,5.77,Put,5.5,2022-05-27,11,0.44,0.46,0.49,0.45,3402,175,19.44,147.76%,-0.376339,2022-05-16
BNS,63.39,Call,65,2022-05-20,4,0.2,0.23,0.25,0.2,2304,125,18.43,28.08%,0.196127,2022-05-16
AGRI,2.77,Call,3,2022-05-20,4,0.25,0.33,0.4,0.35,5641,309,18.26,381.02%,0.499768,2022-05-16
AMZN,2216.21,Call,2230,2022-05-20,4,43.55,44.45,45.35,44.65,2190,123,17.8,55.21%,0.468737,2022-05-16
HAL,37.57,Put,30,2022-08-19,95,1.13,1.16,1.19,1.17,3603,203,17.75,55.51%,-0.177119,2022-05-16
THC,70.98,Put,60,2022-06-17,32,0.5,2.35,4.2,1.29,2002,115,17.41,64.41%,-0.164367,2022-05-16
AMC,11.71,Call,12.5,2022-05-27,11,0.89,0.91,0.93,0.9,5887,346,17.01,150.26%,0.452283,2022-05-16
SQ,79.7,Call,103,2022-05-20,4,0.13,0.14,0.15,0.15,2126,131,16.23,131.26%,0.036123,2022-05-16
PYPL,77.65,Call,82,2022-05-20,4,1.23,1.26,1.28,1.22,12161,809,15.03,87.97%,0.292544,2022-05-16
NKLA,5.77,Put,6,2022-05-20,4,0.53,0.55,0.56,0.55,10318,708,14.57,173.24%,-0.549693,2022-05-16
SNAP,23.42,Call,24,2022-05-27,11,1.09,1.12,1.15,1.14,4787,329,14.55,86.02%,0.464467,2022-05-16
BABA,86.48,Call,104,2022-05-27,11,1.03,1.09,1.15,1.08,1612,111,14.52,96.35%,0.154022,2022-05-16
KBH,32.89,Call,36,2022-06-17,32,0.85,0.88,0.9,0.9,1542,107,14.41,52.08%,0.301886,2022-05-16
TWTR,37.39,Call,45,2022-05-27,11,0.29,0.31,0.33,0.32,1729,121,14.29,86.37%,0.122869,2022-05-16
MFIN,7.66,Put,5,2022-08-19,95,0.25,0.35,0.45,0.25,1455,104,13.99,86.70%,-0.121396,2022-05-16
SLB,42.14,Call,46,2022-05-27,11,0.31,0.34,0.37,0.35,2572,188,13.68,52.15%,0.177002,2022-05-16
NIO,14.55,Call,20,2022-06-24,39,0.39,0.41,0.43,0.45,2928,218,13.43,94.39%,0.190249,2022-05-16
AMZN,2216.21,Put,2230,2022-05-20,4,56.3,57.15,58,57.9,1657,126,13.15,54.63%,-0.531843,2022-05-16
AMD,94.24,Put,94,2022-05-20,4,2.76,2.78,2.8,2.76,11907,926,12.86,73.25%,-0.471461,2022-05-16
XOM,90.95,Put,92.5,2022-05-20,4,2.28,2.37,2.46,2.32,2181,171,12.75,36.11%,-0.669543,2022-05-16
RBLX,32.14,Put,32.5,2022-05-20,4,1.94,2,2.06,2.08,1373,108,12.71,134.53%,-0.503466,2022-05-16
U,36.14,Call,45,2022-06-17,32,1.32,1.38,1.43,1.38,1396,111,12.58,94.27%,0.259114,2022-05-16
FDX,209.72,Call,215,2022-05-27,11,3.15,3.2,3.25,3.25,1945,155,12.55,37.56%,0.361368,2022-05-16
AFRM,22.95,Put,23,2022-05-20,4,1.5,1.56,1.61,1.58,1542,123,12.54,162.25%,-0.471258,2022-05-16
TSLA,724.37,Call,745,2022-05-20,4,18.3,18.53,18.75,18.37,3093,250,12.37,89.54%,0.400224,2022-05-16
MPW,18.12,Call,19,2022-07-15,60,0.5,0.55,0.6,0.51,2281,185,12.33,31.47%,0.352274,2022-05-16
TSLA,724.37,Call,740,2022-05-20,4,20.4,20.6,20.8,20.5,8050,687,11.72,90.35%,0.429179,2022-05-16
CVNA,38.4,Call,70,2022-06-17,32,0.8,0.88,0.95,0.9,10537,901,11.69,149.07%,0.127212,2022-05-16
TSLA,724.37,Put,735,2022-05-20,4,33,33.35,33.7,33.95,5451,469,11.62,90.97%,-0.541963,2022-05-16
BA,124.05,Put,126,2022-05-20,4,4.4,4.6,4.8,4.75,1474,128,11.52,70.76%,-0.5689,2022-05-16
INTC,43.08,Call,50,2023-06-16,396,3.4,3.5,3.6,3.45,18671,1625,11.49,35.89%,0.376036,2022-05-16
TSLA,724.37,Call,755,2022-05-20,4,14.6,14.8,15,14.75,2995,262,11.43,88.69%,0.34468,2022-05-16
DOCS,32.99,Put,25,2022-05-20,4,0.6,0.65,0.7,0.6,2181,192,11.36,256.52%,-0.12158,2022-05-16
AMZN,2216.21,Put,2220,2022-05-20,4,51.45,52.4,53.35,51.15,2342,209,11.21,54.51%,-0.500567,2022-05-16
TSLA,724.37,Put,730,2022-05-20,4,30.4,30.7,31,30.75,13982,1250,11.19,91.73%,-0.513017,2022-05-16
GTLB,39.86,Call,45,2022-05-20,4,0.55,0.7,0.85,0.65,1965,176,11.16,135.20%,0.215844,2022-05-16
SNAP,23.42,Call,27,2022-05-27,11,0.27,0.29,0.31,0.4,3210,289,11.11,81.22%,0.174,2022-05-16
TWTR,37.39,Put,38,2022-05-27,11,2.48,2.54,2.59,2.54,1153,104,11.09,85.19%,-0.514165,2022-05-16
DIS,105.18,Call,108,2022-06-03,18,2.14,2.21,2.27,2.24,1284,116,11.07,36.75%,0.388422,2022-05-16
KDNY,13.75,Call,22.5,2022-10-21,158,0.45,1.25,2.05,1.29,2453,229,10.71,94.32%,0.314404,2022-05-16
NVDA,172.64,Call,185,2022-05-20,4,1.49,1.57,1.65,1.63,29892,2870,10.42,78.33%,0.211135,2022-05-16
TSLA,724.37,Call,765,2022-05-20,4,11.35,11.58,11.8,11.45,2636,254,10.38,87.03%,0.289936,2022-05-16
DIDI,1.49,Call,2,2022-06-24,39,0.12,0.15,0.18,0.14,1132,112,10.11,149.79%,0.36073,2022-05-16
TTWO,110.11,Put,85,2022-05-20,4,0.2,0.23,0.25,0.25,1085,110,9.86,143.40%,-0.035993,2022-05-16
XOM,90.95,Put,93,2022-05-20,4,2.6,2.7,2.79,2.41,1549,159,9.74,36.76%,-0.715727,2022-05-16
FFIE,2.52,Call,4,2022-06-17,32,0.18,0.19,0.2,0.22,2002,207,9.67,185.31%,0.285083,2022-05-16
TSLA,724.37,Call,770,2022-05-20,4,10.2,10.33,10.45,10.21,6998,727,9.63,87.03%,0.265965,2022-05-16
AAPL,145.54,Put,139,2022-05-20,4,0.79,0.8,0.82,0.8,12374,1286,9.62,50.51%,-0.185429,2022-05-16
AMZN,2216.21,Call,2350,2022-05-20,4,8.6,9,9.4,9,3376,364,9.27,52.15%,0.147647,2022-05-16
MARA,10.32,Put,7.5,2024-01-19,613,3.55,3.65,3.75,3.6,1109,122,9.09,117.21%,-0.166123,2022-05-16
AMZN,2216.21,Call,2250,2022-05-20,4,35,35.65,36.3,35.24,4845,533,9.09,53.99%,0.405351,2022-05-16
NIO,14.55,Call,16.5,2022-05-20,4,0.14,0.15,0.16,0.16,20379,2251,9.05,119.59%,0.173061,2022-05-16
AAPL,145.54,Put,137,2022-05-27,11,1.38,1.41,1.44,1.52,1304,148,8.81,45.24%,-0.209802,2022-05-16
AMC,11.71,Call,12.5,2022-05-20,4,0.48,0.49,0.5,0.49,14539,1652,8.8,163.57%,0.383719,2022-05-16
AMZN,2216.21,Put,2210,2022-05-20,4,46.85,47.6,48.35,47.35,1112,127,8.76,54.53%,-0.469032,2022-05-16
TSLA,724.37,Put,645,2022-05-20,4,5.75,5.85,5.95,5.9,1032,118,8.75,106.72%,-0.136806,2022-05-16
TSLA,724.37,Call,2150,2022-10-21,158,1.09,1.41,1.72,1.42,900,103,8.74,68.38%,0.014168,2022-05-16
VZ,49.04,Call,50,2022-11-18,186,2.01,2.07,2.13,2.05,3294,377,8.74,21.13%,0.424104,2022-05-16
TSLA,724.37,Put,685,2022-05-20,4,13.3,13.5,13.7,13.6,1077,127,8.48,99.13%,-0.277442,2022-05-16
TSLA,724.37,Call,760,2022-05-20,4,12.85,13.1,13.35,13,6534,818,7.99,87.74%,0.316712,2022-05-16
ATHM,27.95,Call,35,2022-06-17,32,0.5,0.55,0.6,0.5,4833,606,7.98,72.46%,0.171193,2022-05-16
PANW,468.18,Call,500,2022-05-20,4,10,10.55,11.1,11,1202,151,7.96,116.71%,0.316618,2022-05-16
AFRM,22.95,Call,25.5,2022-05-20,4,0.59,0.62,0.64,0.6,1306,164,7.96,153.84%,0.283055,2022-05-16
TSLA,724.37,Put,740,2022-05-20,4,35.7,36.1,36.5,36.5,10212,1285,7.95,91.59%,-0.569363,2022-05-16
FB,200.04,Call,160,2022-05-20,4,39.65,40.18,40.7,42.85,826,104,7.94,102.99%,0.983214,2022-05-16
RBLX,32.14,Put,33,2022-05-20,4,2.22,2.28,2.34,2.32,1116,141,7.91,136.76%,-0.544946,2022-05-16
ABT,109.71,Call,112,2022-05-20,4,0.63,0.65,0.66,0.66,1104,141,7.83,33.45%,0.281828,2022-05-16
AMZN,2216.21,Put,2250,2022-05-20,4,67.05,68.13,69.2,69,2043,261,7.83,53.96%,-0.59472,2022-05-16
IMPP,0.765,Call,1,2022-06-17,32,0.1,0.13,0.15,0.13,13045,1688,7.73,224.62%,0.47197,2022-05-16
TSLA,724.37,Put,665,2022-05-20,4,8.75,8.93,9.1,9.15,1022,133,7.68,102.18%,-0.196816,2022-05-16
AAPL,145.54,Call,146,2022-05-20,4,2.53,2.56,2.59,2.56,21978,2868,7.66,45.81%,0.482805,2022-05-16
AMC,11.71,Put,6,2022-06-17,32,0.13,0.14,0.15,0.16,10641,1391,7.65,160.22%,-0.049797,2022-05-16
NFLX,186.51,Call,190,2022-06-10,25,10.15,10.35,10.55,10.25,1311,172,7.62,60.68%,0.485101,2022-05-16
SE,70.33,Put,35,2022-05-20,4,0.1,0.11,0.11,0.11,5835,767,7.61,319.35%,-0.012084,2022-05-16
TSLA,724.37,Call,735,2022-05-20,4,22.6,22.78,22.95,22.71,3230,425,7.6,90.94%,0.458008,2022-05-16
SE,70.33,Call,85,2022-05-20,4,1.52,1.55,1.58,1.52,2805,370,7.58,195.94%,0.20577,2022-05-16
NU,4.35,Call,5,2022-05-20,4,0.25,0.28,0.3,0.25,17190,2277,7.55,262.74%,0.356107,2022-05-16
EOG,126.36,Put,84,2022-10-21,158,2.15,2.55,2.95,2.4,993,132,7.52,54.17%,-0.096653,2022-05-16
IMMR,5.52,Call,2.5,2022-11-18,186,3.1,3.15,3.2,3.3,1505,201,7.49,91.92%,0.937645,2022-05-16
APPS,25.74,Call,31,2022-05-20,4,0.11,0.13,0.14,0.15,815,109,7.48,124.00%,0.085725,2022-05-16
VZ,49.04,Put,50,2022-11-18,186,3.7,3.75,3.8,3.7,3001,408,7.36,17.39%,-0.604225,2022-05-16
AMZN,2216.21,Call,2270,2022-05-20,4,27,27.7,28.4,26.91,855,117,7.31,53.45%,0.344342,2022-05-16
THS,37.46,Call,40,2022-06-17,32,1,1.2,1.4,1.7,1017,140,7.26,49.14%,0.352621,2022-05-16
AAPL,145.54,Call,147,2022-05-20,4,2.04,2.06,2.08,2.06,22762,3140,7.25,44.73%,0.424218,2022-05-16
MATX,87.7,Call,95,2022-06-17,32,2.9,3.1,3.3,3.1,1297,182,7.13,56.63%,0.344512,2022-05-16
AAPL,145.54,Call,148,2022-05-20,4,1.6,1.63,1.65,1.65,16506,2361,6.99,44.18%,0.366653,2022-05-16
TSLA,724.37,Put,655,2022-05-20,4,7.1,7.23,7.35,7.35,837,120,6.98,104.85%,-0.165484,2022-05-16
TSLA,724.37,Put,635,2022-05-20,4,4.65,4.75,4.85,4.85,797,115,6.93,109.60%,-0.114067,2022-05-16
TJX,56.12,Put,56,2022-05-20,4,1.55,1.66,1.77,1.6,1271,184,6.91,70.64%,-0.474816,2022-05-16
ASMB,1.61,Call,5,2022-11-18,186,0.1,0.18,0.25,0.19,909,133,6.83,145.87%,0.285103,2022-05-16
FUTU,31.3,Put,31.5,2022-05-20,4,1.38,1.5,1.62,1.12,1072,157,6.83,106.65%,-0.500496,2022-05-16
FB,200.04,Put,197.5,2022-05-27,11,6.1,6.2,6.3,6.2,931,140,6.65,53.78%,-0.427175,2022-05-16
DKNG,12.48,Put,12.5,2022-05-27,11,0.87,0.9,0.92,0.91,2099,316,6.64,104.19%,-0.467492,2022-05-16
TTWO,110.11,Put,80,2022-05-20,4,0.1,0.13,0.15,0.1,689,104,6.63,147.06%,-0.015703,2022-05-16
NEXT,6.66,Call,7.5,2022-06-17,32,0.5,0.6,0.7,0.55,1073,163,6.58,109.29%,0.41865,2022-05-16
AMC,11.71,Call,15.5,2022-05-27,11,0.35,0.37,0.38,0.37,5688,871,6.53,171.44%,0.213768,2022-05-16
DOCU,74.49,Call,75,2022-06-17,32,8.4,8.63,8.85,8.5,3477,545,6.38,99.50%,0.549394,2022-05-16
GTLB,39.86,Call,50,2022-07-15,60,3.3,3.7,4.1,3.75,979,155,6.32,108.57%,0.384029,2022-05-16
SPLK,96.35,Call,100,2022-06-17,32,7.3,7.5,7.7,7.65,3003,476,6.31,80.94%,0.485893,2022-05-16
AMZN,2216.21,Put,2240,2022-05-20,4,61.65,62.68,63.7,62.1,1412,225,6.28,52.98%,-0.56545,2022-05-16
ZI,42.58,Call,50,2022-07-15,60,2,2.13,2.25,2.35,1505,242,6.22,66.87%,0.323805,2022-05-16
AMZN,2216.21,Call,2240,2022-05-20,4,38.95,39.8,40.65,39.05,1748,282,6.2,53.79%,0.435858,2022-05-16
NFLX,186.51,Call,200,2022-06-10,25,6.3,6.45,6.6,6.47,1256,205,6.13,59.71%,0.356143,2022-05-16
AAPL,145.54,Put,138,2022-05-27,11,1.58,1.61,1.63,1.72,2113,346,6.11,44.56%,-0.234482,2022-05-16
JWN,24.39,Put,24.5,2022-05-20,4,0.91,0.95,0.99,0.99,1567,257,6.1,91.11%,-0.501058,2022-05-16
MAS,55.3,Call,55,2022-06-17,32,2.2,2.6,3,2.15,1035,170,6.09,38.28%,0.536157,2022-05-16
ATI,25.63,Call,27.5,2022-10-21,158,2.7,2.8,2.9,2.78,795,131,6.07,52.47%,0.487463,2022-05-16
AMZN,2216.21,Put,2200,2022-05-20,4,42.5,42.83,43.15,42.7,5837,965,6.05,54.65%,-0.437647,2022-05-16
AA,60.28,Call,61,2022-05-20,4,1.83,1.92,2.01,1.98,2529,419,6.04,91.81%,0.469615,2022-05-16
AMD,94.24,Put,92,2022-05-20,4,1.9,1.93,1.96,1.92,5855,970,6.04,74.69%,-0.364363,2022-05-16
OXY,67.72,Put,67,2022-05-20,4,1.41,1.45,1.49,1.43,759,126,6.02,62.72%,-0.422935,2022-05-16
GTN,19.81,Call,17.5,2022-05-20,4,2.2,2.28,2.35,2.35,1200,200,6,77.87%,0.940967,2022-05-16
M,20.92,Put,20.5,2022-05-20,4,0.58,0.6,0.62,0.58,6283,1050,5.98,88.97%,-0.396937,2022-05-16
TSLA,724.37,Call,750,2022-05-20,4,16.5,16.53,16.55,16.6,13770,2302,5.98,89.23%,0.372367,2022-05-16
JD,51.53,Call,95,2022-09-16,123,0.25,0.35,0.44,0.43,1839,309,5.95,61.31%,0.061674,2022-05-16
VERU,13.5,Call,14.5,2022-05-20,4,0.75,0.78,0.8,0.82,1457,250,5.83,207.42%,0.412708,2022-05-16
IMPP,0.765,Put,2,2022-05-20,4,1.33,1.42,1.5,1.4,3164,549,5.76,"1,161.12%",-0.572594,2022-05-16
JMIA,5.53,Put,5,2022-05-20,4,0.26,0.28,0.29,0.28,3346,585,5.72,228.61%,-0.294354,2022-05-16
MARA,10.32,Put,10.5,2022-05-20,4,0.86,0.88,0.9,0.89,1719,301,5.71,183.56%,-0.497575,2022-05-16
SE,70.33,Put,40,2022-09-16,123,2.96,3.28,3.6,3.1,826,147,5.62,106.19%,-0.11052,2022-05-16
PBR,14.85,Put,13,2022-06-10,25,0.41,0.45,0.49,0.43,928,165,5.62,74.05%,-0.231469,2022-05-16
AGRI,2.77,Call,2,2022-05-20,4,0.75,0.78,0.8,0.8,954,170,5.61,246.98%,0.917596,2022-05-16
AAPL,145.54,Call,141,2022-05-20,4,5.7,5.8,5.9,5.68,1633,292,5.59,50.26%,0.734899,2022-05-16
AAPL,145.54,Put,141,2022-05-20,4,1.19,1.21,1.24,1.2,4386,794,5.52,48.87%,-0.259854,2022-05-16
HD,295.99,Put,235,2022-05-20,4,0.4,0.41,0.41,0.41,1414,257,5.5,118.85%,-0.027777,2022-05-16
COP,105.5,Call,95,2022-06-17,32,12.15,12.43,12.7,13,1544,281,5.49,49.37%,0.783043,2022-05-16
OXY,67.72,Put,68,2022-05-20,4,1.84,1.89,1.93,1.85,696,127,5.48,60.11%,-0.514123,2022-05-16
TMUS,126.55,Put,123,2022-05-20,4,0.61,0.64,0.66,0.71,1607,293,5.48,36.60%,-0.223073,2022-05-16
HAS,91.2,Call,95,2022-06-17,32,1.9,2.05,2.2,2.05,1202,220,5.46,33.86%,0.351494,2022-05-16
AA,60.28,Put,58,2022-05-20,4,1.11,1.19,1.27,1.5,1084,199,5.45,86.60%,-0.319204,2022-05-16
RIVN,24.86,Put,25,2022-11-18,186,6,6.13,6.25,6.1,1401,258,5.43,86.28%,-0.382541,2022-05-16
NVDA,172.64,Call,180,2022-05-20,4,2.81,2.91,3,2.94,24142,4464,5.41,80.23%,0.324462,2022-05-16
TSLA,724.37,Put,730,2022-05-27,11,43.55,43.95,44.35,44.5,841,157,5.36,81.63%,-0.493535,2022-05-16
AEVA,3.2,Call,7.5,2022-10-21,158,0.15,0.18,0.2,0.15,1489,278,5.36,101.31%,0.172412,2022-05-16
HOOD,10.11,Call,11.5,2022-05-20,4,0.1,0.11,0.11,0.1,9710,1814,5.35,117.20%,0.161388,2022-05-16
BYND,27.24,Call,32,2022-05-20,4,0.25,0.28,0.3,0.3,581,109,5.33,140.43%,0.15337,2022-05-16
MRK,92.32,Put,90,2022-06-17,32,1.76,1.81,1.85,1.87,2923,548,5.33,25.28%,-0.365118,2022-05-16
JPM,118.26,Call,115,2022-05-20,4,4,4.08,4.15,4.9,1059,199,5.32,42.65%,0.739988,2022-05-16
ONON,20.4,Call,25,2022-06-17,32,0.8,0.85,0.9,0.85,1002,189,5.3,94.11%,0.277433,2022-05-16
RBLX,32.14,Put,25,2022-06-10,25,0.95,1.01,1.06,1,619,117,5.29,117.04%,-0.165162,2022-05-16
OXY,67.72,Put,64,2022-05-20,4,0.58,0.6,0.61,0.58,4823,922,5.23,68.47%,-0.205238,2022-05-16
AMD,94.24,Put,93,2022-05-20,4,2.29,2.33,2.36,2.3,8542,1657,5.16,73.62%,-0.416669,2022-05-16
AFRM,22.95,Call,30,2022-05-20,4,0.12,0.13,0.13,0.13,16418,3216,5.11,168.60%,0.076419,2022-05-16
NVDA,172.64,Put,152.5,2022-05-20,4,0.71,0.79,0.88,0.8,1109,222,5,94.34%,-0.095869,2022-05-16
SAVA,20.82,Put,25,2022-06-17,32,6.65,7.03,7.4,7.2,1772,356,4.98,180.92%,-0.529396,2022-05-16
CFG,37.99,Call,42.5,2022-07-15,60,0.65,0.78,0.9,0.9,810,165,4.91,40.35%,0.259878,2022-05-16
AAPL,145.54,Put,142,2022-05-20,4,1.45,1.48,1.5,1.54,8345,1714,4.87,48.40%,-0.304978,2022-05-16
AAPL,145.54,Put,133,2022-05-20,4,0.21,0.22,0.23,0.23,2592,533,4.86,56.54%,-0.06048,2022-05-16
NVDA,172.64,Call,177.5,2022-05-20,4,3.6,3.78,3.95,3.74,6227,1281,4.86,80.08%,0.386122,2022-05-16
BAC,34.81,Call,35,2022-05-27,11,0.84,0.86,0.88,0.83,3887,805,4.83,39.83%,0.47875,2022-05-16
AFRM,22.95,Put,23.5,2022-05-20,4,1.77,1.84,1.9,1.84,1037,216,4.8,159.95%,-0.523023,2022-05-16
DLO,18.65,Call,25,2022-05-20,4,0.2,0.25,0.3,0.35,2178,459,4.75,222.73%,0.12709,2022-05-16
NU,4.35,Call,6,2022-05-20,4,0.05,0.08,0.1,0.1,8110,1707,4.75,277.72%,0.168305,2022-05-16
NU,4.35,Call,4,2022-05-20,4,0.55,0.65,0.75,0.7,1682,356,4.72,291.43%,0.665503,2022-05-16
PTLO,17.89,Put,20,2022-06-17,32,2.9,3.05,3.2,3,644,137,4.7,78.28%,-0.642533,2022-05-16
TSLA,724.37,Call,780,2022-05-20,4,7.9,7.95,8,7.93,7387,1577,4.68,86.49%,0.220033,2022-05-16
WMT,148.21,Call,148,2022-05-27,11,3.8,3.93,4.05,3.85,583,125,4.66,36.81%,0.519143,2022-05-16
HES,116.97,Put,105,2022-06-17,32,2.3,2.4,2.5,2.46,726,156,4.65,52.02%,-0.22021,2022-05-16
EVTL,6.15,Call,7.5,2022-06-17,32,0.1,0.2,0.3,0.28,2421,522,4.64,96.79%,0.291396,2022-05-16
AAPL,145.54,Put,129,2022-05-20,4,0.09,0.1,0.11,0.11,1669,363,4.6,62.03%,-0.029429,2022-05-16
COIN,61.7,Put,35,2022-07-15,60,3.1,3.25,3.4,3.25,784,171,4.58,163.56%,-0.117694,2022-05-16
AFRM,22.95,Call,24,2022-05-20,4,1.03,1.08,1.12,1.05,1508,331,4.56,154.99%,0.422838,2022-05-16
NVDA,172.64,Call,175,2022-05-20,4,4.65,4.73,4.8,4.78,12180,2682,4.54,81.11%,0.453193,2022-05-16
AGRI,2.77,Call,4,2022-05-20,4,0.1,0.13,0.15,0.15,1500,335,4.48,406.53%,0.25761,2022-05-16
NIO,14.55,Put,18,2022-06-10,25,3.85,3.93,4,3.8,601,135,4.45,98.33%,-0.757502,2022-05-16
SE,70.33,Put,40,2022-05-20,4,0.26,0.29,0.32,0.3,1610,362,4.45,313.37%,-0.029765,2022-05-16
TSLA,724.37,Put,745,2022-05-20,4,38.6,38.95,39.3,39.54,2853,644,4.43,89.37%,-0.600032,2022-05-16
AAPL,145.54,Put,130,2022-07-01,46,2.49,2.56,2.63,2.64,665,151,4.4,41.21%,-0.200375,2022-05-16
NUE,119.75,Call,125,2022-06-17,32,5.3,5.4,5.5,5.4,539,123,4.38,54.09%,0.422081,2022-05-16
GT,11.84,Put,8,2022-07-15,60,0.1,0.13,0.15,0.15,2177,497,4.38,76.91%,-0.078793,2022-05-16
GS,303.44,Call,315,2022-05-27,11,2.73,2.94,3.15,3.11,533,122,4.37,35.45%,0.278122,2022-05-16
TSLA,724.37,Call,730,2022-05-20,4,24.95,25.2,25.45,25.13,4623,1059,4.37,91.76%,0.487002,2022-05-16
NKE,112.6,Put,100,2023-06-16,396,9.8,10.13,10.45,9.95,1836,421,4.36,34.21%,-0.312464,2022-05-16
PLUG,14.5,Put,14.5,2022-05-20,4,0.55,0.56,0.57,0.57,1705,392,4.35,94.17%,-0.480345,2022-05-16
INTC,43.08,Put,22.5,2024-01-19,613,0.89,0.93,0.97,0.93,3740,862,4.34,39.61%,-0.074385,2022-05-16
TSLA,724.37,Put,710,2022-05-20,4,21.5,21.7,21.9,21.7,5318,1230,4.32,94.55%,-0.400537,2022-05-16
PFE,50.67,Call,54,2022-06-24,39,0.78,0.84,0.89,0.81,552,129,4.28,30.99%,0.271244,2022-05-16
TWTR,37.39,Call,50,2022-06-10,25,0.17,0.18,0.19,0.19,612,143,4.28,70.03%,0.06758,2022-05-16
SU,37.51,Call,42,2022-06-17,32,0.55,0.58,0.6,0.6,1954,458,4.27,46.26%,0.217819,2022-05-16
AMD,94.24,Call,97,2022-05-20,4,1.69,1.71,1.74,1.65,11305,2650,4.27,72.33%,0.365644,2022-05-16
TLRY,4.88,Put,6.5,2022-06-03,18,1.58,1.63,1.67,1.68,953,225,4.24,61.52%,-0.978805,2022-05-16
AMZN,2216.21,Put,2150,2022-05-20,4,25.25,25.8,26.35,25.6,1721,406,4.24,57.22%,-0.295848,2022-05-16
TWTR,37.39,Put,28,2022-07-15,60,1.15,1.17,1.2,1.03,3469,823,4.22,83.22%,-0.152453,2022-05-16
ABBV,155.47,Put,145,2022-06-03,18,0.66,0.8,0.95,0.7,757,180,4.21,28.68%,-0.13574,2022-05-16
EB,11.55,Call,12.5,2022-07-15,60,0.75,0.83,0.9,0.8,1112,266,4.18,62.74%,0.427175,2022-05-16
RBLX,32.14,Put,34.5,2022-05-20,4,3.15,3.25,3.35,2.96,1021,245,4.17,131.92%,-0.671525,2022-05-16
AMD,94.24,Call,98,2022-05-20,4,1.34,1.38,1.41,1.38,11097,2672,4.15,71.71%,0.314309,2022-05-16
RBLX,32.14,Call,35,2022-05-27,11,1.39,1.44,1.5,1.4,1189,287,4.14,111.30%,0.365169,2022-05-16
TSLA,724.37,Call,780,2022-05-27,11,18.2,18.42,18.65,18.39,553,134,4.13,77.33%,0.314149,2022-05-16
TSLA,724.37,Put,605,2022-05-20,4,2.45,2.53,2.6,2.5,591,143,4.13,116.57%,-0.062185,2022-05-16
NVDA,172.64,Put,172.5,2022-05-20,4,5.65,5.8,5.95,5.75,7205,1744,4.13,80.77%,-0.479358,2022-05-16
NVDA,172.64,Put,172.5,2022-05-27,11,10.55,10.7,10.85,10.65,868,211,4.11,89.77%,-0.466933,2022-05-16
TWTR,37.39,Call,41,2022-05-20,4,0.33,0.34,0.35,0.32,4362,1066,4.09,91.95%,0.181543,2022-05-16
BABA,86.48,Call,93,2022-05-20,4,1.14,1.24,1.34,1.31,1518,373,4.07,98.53%,0.256794,2022-05-16
HD,295.99,Call,335,2022-05-20,4,0.34,0.34,0.34,0.34,2636,647,4.07,66.97%,0.041393,2022-05-16
OXY,67.72,Call,68,2022-05-20,4,2.08,2.14,2.2,2.1,2302,568,4.05,79.06%,0.496222,2022-05-16
FFIE,2.52,Call,3,2022-05-20,4,0.09,0.11,0.13,0.1,3879,959,4.04,240.82%,0.285811,2022-05-16
AMD,94.24,Call,96,2022-05-20,4,2.07,2.1,2.13,2.11,12416,3072,4.04,73.17%,0.419439,2022-05-16
TSLA,724.37,Put,750,2022-05-20,4,41.65,42.05,42.45,42.03,17057,4227,4.04,88.80%,-0.628411,2022-05-16
SNAP,23.42,Put,16,2023-01-20,249,2.14,2.17,2.19,2.15,2000,496,4.03,79.48%,-0.181754,2022-05-16
TWTR,37.39,Put,37,2022-05-20,4,1.32,1.32,1.32,1.32,15135,3768,4.02,97.06%,-0.438799,2022-05-16
LAZR,9.99,Call,10,2022-05-20,4,0.42,0.44,0.46,0.41,6848,1716,3.99,106.66%,0.51869,2022-05-16
ZBH,115.12,Call,120,2022-06-17,32,2.3,2.5,2.7,2.42,1185,298,3.98,32.20%,0.346397,2022-05-16
TSLA,724.37,Put,720,2022-05-20,4,25.65,25.92,26.2,26.15,13133,3307,3.97,93.81%,-0.455916,2022-05-16
RIOT,7.19,Put,1,2022-12-16,214,0.08,0.11,0.14,0.11,534,135,3.96,181.33%,-0.017209,2022-05-16
AMC,11.71,Put,10.5,2022-05-27,11,0.62,0.63,0.64,0.64,641,162,3.96,149.41%,-0.291072,2022-05-16
SG,16.61,Call,20,2022-05-20,4,0.15,0.25,0.35,0.25,1213,308,3.94,170.47%,0.170649,2022-05-16
HD,295.99,Put,270,2022-08-19,95,11.8,12.05,12.3,12.1,1383,352,3.93,38.53%,-0.295319,2022-05-16
TSLA,724.37,Call,775,2022-05-20,4,9,9.13,9.25,9.15,2738,698,3.92,87.33%,0.24402,2022-05-16
NVDA,172.64,Put,162.5,2022-05-20,4,2.2,2.35,2.5,2.39,2871,735,3.91,88.39%,-0.241819,2022-05-16
AAPL,145.54,Put,146,2022-05-20,4,2.94,3,3.05,3.08,15846,4069,3.89,45.24%,-0.517679,2022-05-16
TTWO,110.11,Call,140,2022-06-17,32,0.8,0.9,1,0.86,1214,313,3.88,59.38%,0.100582,2022-05-16
AAPL,145.54,Put,144,2022-05-20,4,2.1,2.14,2.17,2.1,18237,4706,3.88,46.30%,-0.404234,2022-05-16
AMZN,2216.21,Put,2260,2022-05-20,4,72.9,74.23,75.55,76.2,842,218,3.86,52.72%,-0.628172,2022-05-16
LVS,33.37,Call,40,2022-05-27,11,0.14,0.16,0.17,0.16,1509,391,3.86,73.14%,0.086322,2022-05-16
AAPL,145.54,Call,152.5,2022-05-27,11,1.3,1.32,1.34,1.26,1942,507,3.83,37.27%,0.244313,2022-05-16
NIO,14.55,Put,14.5,2022-05-20,4,0.67,0.68,0.69,0.69,3371,883,3.82,117.90%,-0.464301,2022-05-16
TSLA,724.37,Call,790,2022-05-20,4,6,6.13,6.25,6,3552,930,3.82,85.61%,0.177985,2022-05-16
SAVA,20.82,Call,25,2022-06-17,32,2.29,2.44,2.59,2.35,1782,468,3.81,153.46%,0.430329,2022-05-16
EPD,26.46,Call,27.5,2022-05-27,11,0.1,0.12,0.14,0.13,951,250,3.8,26.55%,0.196428,2022-05-16
AMZN,2216.21,Call,2430,2022-05-20,4,2.64,2.87,3.1,2.8,591,156,3.79,53.82%,0.054087,2022-05-16
KO,65.96,Call,66,2022-05-27,11,0.97,1.01,1.04,0.95,2256,596,3.79,22.93%,0.495251,2022-05-16
AFRM,22.95,Call,23.5,2022-05-20,4,1.22,1.28,1.33,1.16,563,149,3.78,158.38%,0.476093,2022-05-16
XOM,90.95,Put,92,2022-05-20,4,1.97,2.05,2.13,2.05,1608,427,3.77,37.72%,-0.610672,2022-05-16
LAZR,9.99,Put,15,2022-08-19,95,5.5,5.55,5.6,5.49,1802,478,3.77,88.11%,-0.751601,2022-05-16
TSLA,724.37,Call,710,2022-05-20,4,35.95,36.23,36.5,36,1005,267,3.76,94.31%,0.599613,2022-05-16
SE,70.33,Call,80,2024-01-19,613,21.05,22.03,23,21.7,603,161,3.75,69.98%,0.622219,2022-05-16
AZN,64.49,Call,66,2022-05-20,4,0.24,0.27,0.29,0.26,2055,551,3.73,29.50%,0.228478,2022-05-16
AMZN,2216.21,Call,2220,2022-05-20,4,48.5,49.48,50.45,49.29,1137,306,3.72,55.24%,0.499745,2022-05-16
MRO,27.98,Call,34,2022-07-15,60,0.87,0.9,0.92,0.88,2146,577,3.72,59.84%,0.245294,2022-05-16
AMZN,2216.21,Put,2100,2022-05-20,4,14.25,14.63,15,15.05,3157,848,3.72,59.88%,-0.186567,2022-05-16
UPST,37.79,Call,50,2022-06-17,32,2,2.05,2.1,2.04,2595,700,3.71,124.31%,0.282058,2022-05-16
WBD,17.21,Call,15,2022-10-21,158,3.7,3.75,3.8,3.8,540,146,3.7,60.67%,0.70676,2022-05-16
AAPL,145.54,Put,132,2022-05-20,4,0.17,0.18,0.19,0.2,2247,608,3.7,57.21%,-0.048522,2022-05-16
AAPL,145.54,Call,149,2022-05-20,4,1.24,1.26,1.28,1.28,7635,2072,3.68,43.30%,0.309555,2022-05-16
CVNA,38.4,Call,46,2022-05-20,4,0.8,0.88,0.95,1,547,149,3.67,194.29%,0.215851,2022-05-16
TWTR,37.39,Call,42,2022-05-20,4,0.21,0.22,0.24,0.21,3831,1044,3.67,91.90%,0.122905,2022-05-16
GRPN,14.12,Call,20,2022-12-16,214,1.55,1.68,1.8,1.55,549,150,3.66,74.37%,0.371923,2022-05-16
LOW,194.73,Put,187.5,2022-05-20,4,4.1,4.23,4.35,4.2,526,144,3.65,90.71%,-0.32843,2022-05-16
OTIS,74.34,Put,70,2022-09-16,123,3.2,3.45,3.7,3.3,2010,551,3.65,30.38%,-0.341272,2022-05-16
TSLA,724.37,Call,785,2022-05-20,4,6.8,6.9,7,6.91,1462,402,3.64,86.03%,0.198326,2022-05-16
TSLA,724.37,Put,725,2022-05-20,4,27.95,28.3,28.65,28.2,7390,2040,3.62,92.17%,-0.484353,2022-05-16
RBLX,32.14,Call,36,2022-05-20,4,0.54,0.55,0.57,0.55,2086,580,3.6,132.61%,0.227317,2022-05-16
AFRM,22.95,Put,15,2023-01-20,249,3.35,3.43,3.5,3.3,1675,467,3.59,111.96%,-0.178185,2022-05-16
MSFT,261.5,Call,262.5,2022-05-20,4,3.65,3.8,3.95,3.85,2458,685,3.59,39.70%,0.470793,2022-05-16
AMD,94.24,Put,91,2022-05-20,4,1.57,1.6,1.62,1.6,3949,1101,3.59,76.05%,-0.31585,2022-05-16
M,20.92,Put,19.5,2022-05-20,4,0.27,0.29,0.31,0.24,548,153,3.58,95.76%,-0.227083,2022-05-16
MPW,18.12,Put,16,2022-07-15,60,0.4,0.45,0.5,0.41,826,231,3.58,40.99%,-0.218192,2022-05-16
UPST,37.79,Put,50,2022-06-17,32,14.65,14.78,14.9,14.85,2529,712,3.55,139.72%,-0.680838,2022-05-16
RIVN,24.86,Call,29,2022-05-20,4,0.17,0.18,0.19,0.19,1910,539,3.54,122.04%,0.126754,2022-05-16
RIVN,24.86,Call,28,2022-05-20,4,0.27,0.29,0.31,0.29,2873,819,3.51,117.87%,0.18342,2022-05-16
TSLA,724.37,Call,720,2022-05-20,4,30.1,30.43,30.75,30.62,1595,456,3.5,94.14%,0.544067,2022-05-16
TSLA,724.37,Put,700,2022-05-20,4,17.85,18,18.15,17.85,30846,8851,3.49,95.49%,-0.347389,2022-05-16
RBLX,32.14,Call,37.5,2022-05-20,4,0.3,0.32,0.35,0.3,647,186,3.48,129.61%,0.14253,2022-05-16
DM,1.92,Put,2,2022-05-20,4,0.15,0.18,0.2,0.15,808,232,3.48,128.63%,-0.593235,2022-05-16
WMT,148.21,Call,148,2022-05-20,4,3.25,3.35,3.45,3.3,1791,514,3.48,51.83%,0.520183,2022-05-16
SBLK,31.01,Call,33,2022-06-17,32,0.85,0.88,0.9,0.9,750,216,3.47,50.96%,0.323209,2022-05-16
TSLA,724.37,Call,800,2022-05-20,4,4.55,4.57,4.6,4.59,28435,8188,3.47,85.53%,0.143546,2022-05-16
GLBE,19.18,Put,17.5,2022-05-20,4,1.05,1.13,1.2,1.1,509,147,3.46,238.13%,-0.31121,2022-05-16
ABNB,114.44,Call,128,2022-05-20,4,0.32,0.36,0.4,0.36,1059,307,3.45,76.68%,0.087706,2022-05-16
NIO,14.55,Call,15.5,2022-05-20,4,0.34,0.36,0.37,0.33,7455,2159,3.45,117.14%,0.324715,2022-05-16
OXY,67.72,Call,67,2022-05-27,11,3.7,3.78,3.85,3.7,646,188,3.44,71.55%,0.558155,2022-05-16
GLBE,19.18,Call,30,2022-05-20,4,0.05,0.08,0.1,0.1,541,158,3.42,244.81%,0.052908,2022-05-16
HRB,32.59,Put,30,2022-05-20,4,0.05,0.08,0.1,0.1,529,155,3.41,62.28%,-0.097239,2022-05-16
TWTR,37.39,Put,33,2022-12-16,214,3.55,4.3,5.05,4,1000,293,3.41,55.73%,-0.306399,2022-05-16
RCL,61.39,Put,45,2022-06-17,32,0.41,0.44,0.47,0.43,4187,1227,3.41,75.10%,-0.065787,2022-05-16
HOOD,10.11,Put,10.5,2022-05-20,4,0.69,0.71,0.72,0.71,2447,721,3.39,114.07%,-0.601539,2022-05-16
BABA,86.48,Call,102,2022-06-10,25,2.16,2.3,2.44,2.32,689,204,3.38,78.81%,0.242816,2022-05-16
LVS,33.37,Call,32,2022-06-17,32,3.15,3.2,3.25,3.36,1055,313,3.37,63.68%,0.624245,2022-05-16
CLAR,21.67,Call,22.5,2022-12-16,214,4.7,4.9,5.1,5.4,3358,998,3.36,80.33%,0.594684,2022-05-16
TSLA,724.37,Put,595,2022-05-20,4,2,2.07,2.14,2.14,657,196,3.35,120.83%,-0.052753,2022-05-16
EVEX,7.63,Call,7.5,2022-05-20,4,0.7,0.8,0.9,0.8,971,290,3.35,232.65%,0.576262,2022-05-16
KDNY,13.75,Call,25,2022-10-21,158,0.3,1.05,1.8,1.4,723,217,3.33,107.47%,0.311338,2022-05-16
NIO,14.55,Call,16,2022-05-20,4,0.22,0.23,0.24,0.23,10337,3118,3.32,116.11%,0.235481,2022-05-16
HAL,37.57,Put,37,2022-07-15,60,2.72,2.8,2.88,2.73,748,226,3.31,49.35%,-0.433293,2022-05-16
ED,95.04,Call,90,2022-05-20,4,4.8,5.1,5.4,5.25,1731,523,3.31,43.20%,0.890277,2022-05-16
BAC,34.81,Put,35,2022-11-18,186,3.5,3.55,3.6,3.5,2036,617,3.3,32.33%,-0.47839,2022-05-16
TWTR,37.39,Call,40.5,2022-05-20,4,0.39,0.42,0.44,0.4,2089,633,3.3,89.62%,0.210447,2022-05-16
HUSA,3.49,Call,5,2022-06-17,32,0.35,0.4,0.45,0.4,645,196,3.29,199.29%,0.376627,2022-05-16
AAPL,145.54,Call,145,2022-07-15,60,8.7,8.77,8.85,8.6,13483,4105,3.28,36.52%,0.53682,2022-05-16
DKNG,12.48,Call,13,2022-05-20,4,0.38,0.39,0.4,0.38,6902,2125,3.25,113.75%,0.388463,2022-05-16
TSLA,724.37,Put,755,2022-05-20,4,44.75,45.3,45.85,46.2,2122,657,3.23,88.40%,-0.655908,2022-05-16
NVDA,172.64,Put,165,2022-05-20,4,2.87,2.96,3.05,3,12551,3901,3.22,86.14%,-0.292186,2022-05-16
TSLA,724.37,Call,830,2022-05-20,4,1.96,2.01,2.07,2,3209,1002,3.2,86.10%,0.071425,2022-05-16
AMD,94.24,Put,96,2022-05-20,4,3.75,3.83,3.9,3.8,3026,948,3.19,71.35%,-0.583335,2022-05-16
TSLA,724.37,Put,760,2022-05-20,4,48.2,48.75,49.3,49.15,5447,1706,3.19,89.66%,-0.67893,2022-05-16
TLRY,4.88,Call,5.5,2022-05-20,4,0.1,0.11,0.12,0.12,14204,4447,3.19,159.51%,0.263415,2022-05-16
JD,51.53,Call,52,2022-05-20,4,2.67,2.73,2.79,2.67,1899,597,3.18,134.21%,0.502239,2022-05-16
AAPL,145.54,Call,147,2022-05-27,11,3.3,3.35,3.4,3.28,3863,1216,3.18,39.98%,0.455568,2022-05-16
HD,295.99,Call,317.5,2022-05-20,4,1.67,1.81,1.94,1.77,673,212,3.17,66.90%,0.165901,2022-05-16
TSLA,724.37,Call,725,2022-05-20,4,27.55,27.8,28.05,27.9,1473,464,3.17,93.26%,0.515917,2022-05-16
SNAP,23.42,Put,18,2022-07-15,60,0.89,0.92,0.94,0.85,1564,493,3.17,85.68%,-0.175789,2022-05-16
X,24.3,Call,24,2022-05-27,11,1.25,1.3,1.34,1.29,1039,329,3.16,68.00%,0.564465,2022-05-16
AFRM,22.95,Call,31,2022-05-20,4,0.09,0.1,0.11,0.1,688,219,3.14,174.05%,0.059489,2022-05-16
TSLA,724.37,Call,795,2022-05-20,4,5.15,5.25,5.35,5.25,1352,432,3.13,85.54%,0.160023,2022-05-16
RBLX,32.14,Put,28,2022-05-27,11,0.96,1.01,1.05,0.97,626,202,3.1,121.27%,-0.223509,2022-05-16
NVDA,172.64,Call,187.5,2022-05-20,4,1.08,1.28,1.47,1.18,3055,987,3.1,77.62%,0.164578,2022-05-16
CVNA,38.4,Call,50,2022-06-17,32,3,3.15,3.3,3.18,10225,3303,3.1,147.89%,0.350496,2022-05-16
M,20.92,Call,21,2022-05-20,4,0.72,0.76,0.79,0.75,4873,1584,3.08,90.55%,0.501612,2022-05-16
AGRI,2.77,Put,2,2022-05-20,4,0.15,0.18,0.2,0.2,1005,328,3.06,504.23%,-0.189148,2022-05-16
LUMN,11.67,Call,11.5,2022-06-10,25,0.51,0.54,0.58,0.57,1899,621,3.06,42.33%,0.55849,2022-05-16
TSLA,724.37,Call,820,2022-05-20,4,2.57,2.65,2.73,2.64,5692,1861,3.06,85.74%,0.090648,2022-05-16
TWTR,37.39,Call,40,2022-05-20,4,0.51,0.52,0.52,0.52,15053,4925,3.06,91.11%,0.25466,2022-05-16
NUE,119.75,Put,110,2022-06-17,32,3.75,3.85,3.95,3.51,516,169,3.05,56.98%,-0.280746,2022-05-16
MSFT,261.5,Call,260,2022-05-20,4,5,5.13,5.25,4.85,4425,1450,3.05,39.93%,0.562161,2022-05-16
ACET,12.9,Call,15,2022-06-17,32,1.6,2.45,3.3,2.95,2803,921,3.04,242.91%,0.559569,2022-05-16
SNAP,23.42,Put,16,2022-09-16,123,1.29,1.32,1.34,1.25,503,167,3.01,89.00%,-0.159654,2022-05-16
NVDA,172.64,Put,90,2024-01-19,613,5.6,8.9,12.2,8.73,553,184,3.01,55.84%,-0.103684,2022-05-16
CVX,173.01,Put,115,2022-09-16,123,1.08,1.13,1.17,1.15,4001,1328,3.01,46.26%,-0.052714,2022-05-16
MRO,27.98,Call,29.5,2022-05-20,4,0.22,0.23,0.24,0.22,780,260,3,62.28%,0.217553,2022-05-16
NEE,70.12,Call,70,2022-09-16,123,4.7,4.9,5.1,5,1147,383,2.99,32.08%,0.524941,2022-05-16
HOOD,10.11,Put,10.5,2022-06-03,18,1.05,1.09,1.13,0.92,545,183,2.98,96.74%,-0.527434,2022-05-16
AAPL,145.54,Put,128,2022-05-20,4,0.07,0.09,0.1,0.1,692,232,2.98,64.32%,-0.026197,2022-05-16
AMZN,2216.21,Put,1800,2022-05-20,4,0.47,0.5,0.53,0.51,1335,449,2.97,83.59%,-0.007749,2022-05-16
TWOU,10.48,Call,12.5,2022-05-20,4,0.25,0.33,0.4,0.3,2545,867,2.94,209.87%,0.244307,2022-05-16
OXY,67.72,Call,70,2022-05-27,11,2.31,2.36,2.41,2.41,1602,547,2.93,72.12%,0.41924,2022-05-16
SE,70.33,Put,50,2022-05-20,4,1.16,1.19,1.22,1.18,4598,1567,2.93,290.81%,-0.101505,2022-05-16
SNAP,23.42,Put,23.5,2022-05-20,4,0.89,0.93,0.96,0.94,1833,628,2.92,91.84%,-0.494976,2022-05-16
HD,295.99,Put,230,2022-05-20,4,0.3,0.32,0.35,0.34,976,335,2.91,124.24%,-0.02262,2022-05-16
GLBE,19.18,Put,20,2022-05-20,4,2.15,2.28,2.4,2.3,777,268,2.9,228.09%,-0.522319,2022-05-16
NFLX,186.51,Call,195,2022-05-20,4,2.52,2.59,2.67,2.6,3670,1264,2.9,74.07%,0.296192,2022-05-16
FB,200.04,Call,205,2022-05-20,4,2.74,2.82,2.89,2.82,15203,5252,2.89,58.02%,0.354601,2022-05-16
XOM,90.95,Call,94,2022-05-27,11,1.03,1.08,1.12,1.15,605,211,2.87,36.19%,0.304784,2022-05-16
PYPL,77.65,Call,79,2022-05-20,4,2.41,2.45,2.48,2.39,807,282,2.86,93.99%,0.449857,2022-05-16
OXY,67.72,Put,55,2022-05-27,11,0.16,0.17,0.17,0.18,692,244,2.84,73.15%,-0.044553,2022-05-16
WFC,42.21,Call,45,2022-08-19,95,1.98,2.02,2.06,2.06,3884,1373,2.83,37.97%,0.395639,2022-05-16
AAPL,145.54,Put,137,2022-05-20,4,0.51,0.52,0.53,0.51,2900,1031,2.81,51.77%,-0.126758,2022-05-16
TSLA,724.37,Put,690,2022-05-20,4,14.7,14.93,15.15,15.1,3015,1073,2.81,98.65%,-0.300684,2022-05-16
FB,200.04,Call,250,2022-12-16,214,10.65,10.88,11.1,12,887,319,2.78,43.04%,0.304424,2022-05-16
CXW,11.33,Put,11,2022-05-20,4,0.25,0.28,0.3,0.35,562,203,2.77,90.01%,-0.359104,2022-05-16
AMZN,2216.21,Call,2260,2022-05-20,4,30.6,31.38,32.15,31.12,971,351,2.77,53.50%,0.373939,2022-05-16
AI,16.74,Call,20,2022-06-17,32,1.15,1.23,1.3,1.2,2113,765,2.76,116.04%,0.364614,2022-05-16
MSFT,261.5,Call,267.5,2022-05-20,4,1.73,1.86,1.98,1.85,2615,947,2.76,37.95%,0.289929,2022-05-16
BAC,34.81,Call,34.5,2022-05-20,4,0.75,0.78,0.81,0.77,1157,421,2.75,41.95%,0.587397,2022-05-16
U,36.14,Call,45,2022-05-27,11,0.37,0.43,0.49,0.4,1417,516,2.75,104.34%,0.131349,2022-05-16
SE,70.33,Put,65,2022-05-20,4,4.4,4.45,4.5,4.46,2396,872,2.75,241.23%,-0.330548,2022-05-16
RBLX,32.14,Call,33,2022-05-20,4,1.36,1.41,1.46,1.38,1322,482,2.74,130.75%,0.450455,2022-05-16
ED,95.04,Call,77.5,2022-05-20,4,17.2,17.55,17.9,18,1650,602,2.74,83.06%,0.993325,2022-05-16
RIVN,24.86,Put,24.5,2022-05-20,4,1.04,1.08,1.12,1.06,959,351,2.73,119.58%,-0.428916,2022-05-16
MRK,92.32,Call,94,2022-05-20,4,0.33,0.37,0.4,0.32,705,260,2.71,25.56%,0.250832,2022-05-16
AAPL,145.54,Call,157.5,2022-05-27,11,0.47,0.48,0.49,0.45,1374,507,2.71,36.37%,0.110843,2022-05-16
NNDM,2.54,Put,2.5,2022-08-19,95,0.29,0.3,0.31,0.3,5669,2094,2.71,62.58%,-0.417085,2022-05-16
TSLA,724.37,Put,650,2022-05-20,4,6.4,6.5,6.6,6.4,10937,4032,2.71,104.70%,-0.148406,2022-05-16
DOCU,74.49,Put,75,2022-06-17,32,8.95,9.13,9.3,9.15,3479,1292,2.69,101.10%,-0.449521,2022-05-16
WGO,50.1,Put,45,2022-05-20,4,0.35,0.48,0.6,0.4,502,188,2.67,100.42%,-0.141715,2022-05-16
RBLX,32.14,Call,35.5,2022-05-20,4,0.6,0.64,0.67,0.69,685,258,2.66,131.15%,0.25602,2022-05-16
CC,40.53,Put,34,2022-10-21,158,2.3,2.47,2.65,2.6,1102,415,2.66,52.56%,-0.255248,2022-05-16
TWTR,37.39,Put,35,2022-05-20,4,0.67,0.68,0.69,0.68,23917,8988,2.66,105.87%,-0.25735,2022-05-16
MPC,96.47,Call,47.5,2022-09-16,123,48.65,49.15,49.65,49.35,1762,666,2.65,78.04%,0.965447,2022-05-16
AAPL,145.54,Put,141,2022-05-27,11,2.34,2.37,2.4,2.44,792,300,2.64,42.86%,-0.322456,2022-05-16
NFLX,186.51,Call,207.5,2022-05-20,4,0.65,0.69,0.72,0.7,2037,772,2.64,77.38%,0.100944,2022-05-16
BA,124.05,Call,128,2022-05-20,4,1.78,1.88,1.98,1.9,579,221,2.62,67.07%,0.340387,2022-05-16
AMZN,2216.21,Put,2050,2022-05-20,4,7.75,8.13,8.5,8.14,855,326,2.62,62.91%,-0.111847,2022-05-16
SNAP,23.42,Call,32,2022-07-15,60,0.5,0.54,0.58,0.55,3606,1374,2.62,70.84%,0.172746,2022-05-16
BA,124.05,Call,130,2022-07-15,60,7.8,8.05,8.3,7.9,579,222,2.61,51.75%,0.452865,2022-05-16
MPC,96.47,Call,89,2022-05-20,4,7.25,7.53,7.8,7.9,743,287,2.59,44.11%,0.962873,2022-05-16
IMPP,0.765,Call,0.5,2022-05-20,4,0.25,0.28,0.3,0.25,1094,422,2.59,487.08%,0.861942,2022-05-16
AMZN,2216.21,Call,2300,2022-05-20,4,18.05,18.58,19.1,18.43,6373,2473,2.58,52.43%,0.258253,2022-05-16
AAPL,145.54,Put,136,2022-05-20,4,0.4,0.42,0.43,0.42,2068,804,2.57,53.01%,-0.10597,2022-05-16
MSFT,261.5,Call,280,2022-06-03,18,1.36,1.65,1.93,1.75,4333,1684,2.57,32.32%,0.178095,2022-05-16
WMT,148.21,Put,144,2022-05-20,4,1.65,1.71,1.77,1.68,953,372,2.56,55.20%,-0.299805,2022-05-16
MPC,96.47,Call,82.5,2022-05-20,4,13.7,14.05,14.4,14.25,1720,671,2.56,101.62%,0.936311,2022-05-16
TSLA,724.37,Put,720,2022-05-27,11,38.9,39.25,39.6,39.7,587,231,2.54,82.85%,-0.454624,2022-05-16
RBLX,32.14,Call,34.5,2022-05-20,4,0.84,0.89,0.93,0.91,598,235,2.54,133.56%,0.33107,2022-05-16
AAPL,145.54,Put,142,2022-05-27,11,2.65,2.69,2.72,2.85,675,266,2.54,42.30%,-0.355806,2022-05-16
ACN,286.17,Call,315,2022-05-20,4,0.05,0.18,0.3,0.11,553,219,2.53,45.14%,0.022196,2022-05-16
XRX,17.52,Call,18,2022-05-20,4,0.15,0.18,0.2,0.15,3100,1225,2.53,45.90%,0.291083,2022-05-16
AGL,19.23,Put,17.5,2022-06-17,32,1,1.08,1.15,1.05,1886,748,2.52,82.46%,-0.305644,2022-05-16
HD,295.99,Put,220,2022-05-20,4,0.18,0.19,0.19,0.19,584,233,2.51,130.94%,-0.012843,2022-05-16
TSLA,724.37,Call,835,2022-05-20,4,1.66,1.73,1.8,1.72,842,335,2.51,86.10%,0.062788,2022-05-16
AGRI,2.77,Call,6,2022-09-16,123,0.35,0.43,0.5,0.5,533,213,2.5,175.82%,0.402424,2022-05-16
TTWO,110.11,Call,115,2022-05-20,4,2.85,2.93,3,2.96,849,339,2.5,107.12%,0.370131,2022-05-16
SG,16.61,Call,25,2022-05-20,4,0.05,0.08,0.1,0.1,1034,415,2.49,235.00%,0.061899,2022-05-16
NU,4.35,Put,5,2022-05-20,4,0.9,0.95,1,0.95,9207,3699,2.49,291.86%,-0.619101,2022-05-16
TTD,50.97,Call,60,2022-05-27,11,0.69,0.73,0.77,0.72,715,288,2.48,92.65%,0.175217,2022-05-16
GTLB,39.86,Call,50,2022-05-20,4,0.1,0.18,0.25,0.2,1114,451,2.47,144.77%,0.07784,2022-05-16
AAPL,145.54,Call,142,2022-05-20,4,4.95,5.05,5.15,4.96,3568,1442,2.47,47.53%,0.698016,2022-05-16
INTC,43.08,Call,43.5,2022-05-20,4,0.5,0.52,0.53,0.51,5192,2099,2.47,39.05%,0.411112,2022-05-16
AMD,94.24,Call,125,2022-06-10,25,0.22,0.24,0.25,0.25,1608,653,2.46,60.28%,0.043495,2022-05-16
LI,22.02,Put,16,2022-06-17,32,0.42,0.44,0.47,0.42,2217,904,2.45,102.02%,-0.113445,2022-05-16
T,20.28,Put,20,2022-05-27,11,0.24,0.25,0.25,0.25,777,318,2.44,25.84%,-0.383023,2022-05-16
UONE,11.26,Put,10,2022-05-20,4,0.5,0.53,0.55,0.55,599,248,2.42,240.45%,-0.275125,2022-05-16
BAC,34.81,Put,34.5,2022-05-20,4,0.45,0.46,0.48,0.48,5347,2210,2.42,42.77%,-0.414223,2022-05-16
AMZN,2216.21,Call,2360,2022-05-20,4,7.45,7.8,8.15,7.8,520,216,2.41,52.29%,0.131129,2022-05-16
SQ,79.7,Call,82,2022-05-20,4,3.6,3.7,3.8,3.93,554,230,2.41,141.17%,0.452776,2022-05-16
AMC,11.71,Call,13,2022-05-20,4,0.36,0.37,0.37,0.37,12384,5136,2.41,168.31%,0.306735,2022-05-16
GRWG,5.29,Put,5,2022-06-17,32,0.41,0.44,0.48,0.4,625,260,2.4,95.53%,-0.366634,2022-05-16
AAPL,145.54,Put,131,2022-05-20,4,0.14,0.15,0.16,0.17,920,383,2.4,58.64%,-0.040556,2022-05-16
TTD,50.97,Put,50,2022-10-21,158,9.5,9.6,9.7,9.63,734,307,2.39,77.10%,-0.385331,2022-05-16
PDD,37.84,Call,44,2022-05-20,4,0.52,0.55,0.58,0.52,934,393,2.38,144.86%,0.179092,2022-05-16
ADI,157.44,Put,145,2023-01-20,249,10.4,11.7,13,11.3,1049,441,2.38,32.37%,-0.342669,2022-05-16
MPC,96.47,Call,90,2022-05-20,4,6.3,6.55,6.8,6.55,18615,7829,2.38,41.61%,0.947657,2022-05-16
OXY,67.72,Put,67.5,2022-05-20,4,1.62,1.66,1.7,1.69,714,301,2.37,63.59%,-0.467741,2022-05-16
AMGN,243.87,Put,245,2022-06-17,32,6.8,7,7.2,6.71,623,264,2.36,21.01%,-0.533381,2022-05-16
TSLA,724.37,Put,715,2022-05-20,4,23.5,23.8,24.1,23.85,1836,779,2.36,94.16%,-0.428031,2022-05-16
NVDA,172.64,Call,190,2022-05-20,4,0.86,0.88,0.9,0.88,14355,6080,2.36,78.12%,0.129046,2022-05-16
AAPL,145.54,Call,152.5,2022-05-20,4,0.45,0.46,0.46,0.44,19728,8375,2.36,41.21%,0.143953,2022-05-16
TTWO,110.11,Call,130,2022-05-20,4,0.4,0.48,0.55,0.45,787,335,2.35,109.44%,0.081934,2022-05-16
AAPL,145.54,Call,149,2022-05-27,11,2.44,2.47,2.49,2.38,1098,467,2.35,38.90%,0.375702,2022-05-16
TWTR,37.39,Call,46,2022-05-27,11,0.24,0.26,0.27,0.25,749,320,2.34,87.56%,0.098969,2022-05-16
SOFI,6.91,Put,7,2022-05-27,11,0.51,0.52,0.53,0.53,2343,1002,2.34,100.55%,-0.494766,2022-05-16
RIOT,7.19,Call,8.5,2022-05-27,11,0.3,0.32,0.33,0.32,612,263,2.33,150.32%,0.304669,2022-05-16
LOW,194.73,Call,195,2022-05-20,4,6.85,6.93,7,7,634,273,2.32,87.89%,0.511621,2022-05-16
DELL,45.03,Put,47.5,2024-01-19,613,7.95,8.35,8.75,8.4,1015,438,2.32,25.00%,-0.534093,2022-05-16
ABBV,155.47,Call,155,2022-06-17,32,4.9,5.08,5.25,4.98,5283,2284,2.31,27.06%,0.518276,2022-05-16
AMZN,2216.21,Call,2400,2022-05-20,4,4.3,4.38,4.45,4.2,5313,2301,2.31,53.12%,0.080025,2022-05-16
TWTR,37.39,Call,39,2022-05-20,4,0.8,0.81,0.81,0.78,6819,2950,2.31,92.34%,0.349052,2022-05-16
BAC,34.81,Call,35,2022-05-20,4,0.49,0.51,0.53,0.51,12296,5317,2.31,41.43%,0.456578,2022-05-16
FB,200.04,Put,205,2022-06-10,25,12.55,12.73,12.9,11.85,522,227,2.3,47.57%,-0.553507,2022-05-16
RBLX,32.14,Put,32,2022-05-20,4,1.7,1.73,1.77,1.75,2101,913,2.3,135.95%,-0.459444,2022-05-16
NIO,14.55,Call,15,2022-05-20,4,0.51,0.53,0.54,0.51,16229,7066,2.3,115.55%,0.424122,2022-05-16
AAPL,145.54,Call,146,2022-05-27,11,3.8,3.88,3.95,3.9,2356,1027,2.29,41.00%,0.495546,2022-05-16
BABA,86.48,Call,89,2022-05-20,4,2.27,2.34,2.42,2.26,1740,767,2.27,94.47%,0.404765,2022-05-16
WMB,35.44,Put,35,2022-05-20,4,0.25,0.3,0.35,0.25,1066,471,2.26,29.12%,-0.341458,2022-05-16
AFRM,22.95,Call,25,2022-05-27,11,1.31,1.36,1.41,1.32,990,440,2.25,132.53%,0.398631,2022-05-16
HD,295.99,Put,210,2022-05-20,4,0.09,0.12,0.14,0.11,543,242,2.24,138.64%,-0.007441,2022-05-16
NVDA,172.64,Put,175,2022-05-20,4,6.85,7.05,7.25,7.1,9171,4098,2.24,80.52%,-0.547383,2022-05-16
XOM,90.95,Call,93,2022-05-20,4,0.59,0.63,0.66,0.6,2521,1131,2.23,36.54%,0.283045,2022-05-16
NVDA,172.64,Call,430,2023-06-16,396,0.01,1.12,2.23,2.01,1684,759,2.22,49.10%,0.062916,2022-05-16
ESTC,58.28,Call,65,2022-05-20,4,0.4,0.55,0.7,0.65,654,296,2.21,109.94%,0.186517,2022-05-16
ED,95.04,Call,75,2022-05-20,4,19.8,20.15,20.5,20.5,841,381,2.21,158.55%,0.934386,2022-05-16
NFLX,186.51,Call,200,2022-05-20,4,1.52,1.56,1.59,1.55,11730,5298,2.21,74.96%,0.197461,2022-05-16
RIVN,24.86,Call,29.5,2022-05-20,4,0.14,0.15,0.16,0.14,540,246,2.2,121.04%,0.098995,2022-05-16
SOFI,6.91,Call,9,2022-07-01,46,0.25,0.27,0.29,0.3,576,262,2.2,87.88%,0.244724,2022-05-16
AAPL,145.54,Call,155,2022-07-01,46,3.25,3.38,3.5,3.25,604,275,2.2,33.03%,0.313815,2022-05-16
ED,95.04,Call,70,2022-06-17,32,24.6,25.1,25.6,25.55,3010,1368,2.2,74.35%,0.933703,2022-05-16
NUE,119.75,Call,125,2022-05-20,4,1.09,1.17,1.24,1.15,565,258,2.19,60.63%,0.258833,2022-05-16
AMD,94.24,Call,97,2022-05-27,11,3.05,3.1,3.15,3.05,1647,752,2.19,64.81%,0.420609,2022-05-16
MPC,96.47,Call,40,2023-01-20,249,55.75,56.98,58.2,57.55,500,229,2.18,82.63%,0.947947,2022-05-16
WMT,148.21,Call,155,2022-05-27,11,1.14,1.21,1.29,1.16,1555,716,2.17,34.24%,0.232391,2022-05-16
TSLA,724.37,Put,670,2022-05-20,4,9.75,9.88,10,10,4054,1870,2.17,101.65%,-0.215775,2022-05-16
VERU,13.5,Put,12,2022-05-20,4,0.55,0.58,0.6,0.53,2497,1157,2.16,221.60%,-0.266382,2022-05-16
IMPP,0.765,Put,1.5,2022-05-20,4,0.85,0.93,1,0.93,3222,1490,2.16,"1,098.84%",-0.504108,2022-05-16
AFRM,22.95,Call,26,2022-05-20,4,0.48,0.51,0.54,0.45,1120,521,2.15,156.05%,0.247534,2022-05-16
TSLA,724.37,Put,765,2022-05-20,4,51.45,51.98,52.5,52.34,1738,810,2.15,88.03%,-0.707551,2022-05-16
PINS,21.49,Call,30,2022-08-19,95,0.86,0.88,0.9,0.9,9709,4517,2.15,71.61%,0.2325,2022-05-16
AI,16.74,Put,17.5,2022-05-20,4,1.2,1.28,1.35,1.24,2147,1004,2.14,112.46%,-0.624882,2022-05-16
LVS,33.37,Put,29,2022-09-16,123,2.33,2.49,2.64,2.43,520,244,2.13,59.43%,-0.281151,2022-05-16
COP,105.5,Put,95,2022-06-17,32,1.81,1.89,1.96,1.77,1530,719,2.13,47.41%,-0.209788,2022-05-16
JMIA,5.53,Put,4.5,2022-05-20,4,0.14,0.16,0.17,0.16,515,243,2.12,250.26%,-0.179357,2022-05-16
BABA,86.48,Call,88,2022-05-20,4,2.63,2.71,2.78,2.75,2067,974,2.12,94.93%,0.449994,2022-05-16
TSLA,724.37,Call,810,2022-05-20,4,3.35,3.48,3.6,3.45,2947,1389,2.12,85.30%,0.113787,2022-05-16
SE,70.33,Put,45,2022-05-20,4,0.65,0.67,0.68,0.67,683,323,2.11,306.71%,-0.060406,2022-05-16
AMZN,2216.21,Call,2100,2022-06-17,32,198.5,200.23,201.95,195.79,507,241,2.1,52.71%,0.663929,2022-05-16
ATHA,8.67,Call,17.5,2024-01-19,613,2.25,3.88,5.5,3.91,710,338,2.1,129.18%,0.661805,2022-05-16
AMC,11.71,Call,18,2022-06-03,18,0.39,0.41,0.42,0.4,1260,599,2.1,178.22%,0.187138,2022-05-16
SNAP,23.42,Put,19,2022-09-16,123,2.19,2.23,2.27,2.11,1695,807,2.1,83.85%,-0.250432,2022-05-16
BYND,27.24,Put,29,2022-05-20,4,2.71,2.79,2.87,2.67,535,256,2.09,151.16%,-0.624224,2022-05-16
TSLA,724.37,Call,805,2022-05-20,4,3.9,4.03,4.15,4,1561,748,2.09,85.50%,0.128308,2022-05-16
GH,35.09,Call,45,2022-07-15,60,2,2.13,2.25,2.16,1451,696,2.08,90.86%,0.31166,2022-05-16
SHOP,359.95,Call,400,2022-05-20,4,4.8,5.1,5.4,5,1714,824,2.08,116.98%,0.211754,2022-05-16
BA,124.05,Put,121,2022-05-20,4,2.33,2.45,2.57,2.33,565,273,2.07,71.44%,-0.355569,2022-05-16
EGO,8.08,Put,7,2022-07-15,60,0.25,0.28,0.3,0.25,824,399,2.07,53.72%,-0.221318,2022-05-16
VERU,13.5,Call,17,2022-05-20,4,0.3,0.35,0.4,0.4,2415,1167,2.07,247.59%,0.223649,2022-05-16
NVDA,172.64,Call,195,2022-05-20,4,0.4,0.45,0.49,0.46,6727,3250,2.07,78.50%,0.074768,2022-05-16
WMT,148.21,Put,138,2022-05-20,4,0.58,0.62,0.66,0.62,544,266,2.05,61.38%,-0.127003,2022-05-16
LEN,75.39,Call,90,2022-08-19,95,2,2.15,2.3,2.35,690,339,2.04,43.81%,0.240647,2022-05-16
AMC,11.71,Call,15.5,2022-05-20,4,0.11,0.11,0.12,0.12,2546,1248,2.04,201.03%,0.10986,2022-05-16
AAPL,145.54,Put,143,2022-05-20,4,1.75,1.78,1.81,1.77,8020,3933,2.04,47.45%,-0.35272,2022-05-16
AAPL,145.54,Call,145,2022-05-20,4,3.05,3.1,3.15,3.14,22138,10832,2.04,47.26%,0.5393,2022-05-16
ED,95.04,Call,92.5,2022-05-20,4,2.25,2.5,2.75,2.55,1165,577,2.02,15.07%,0.966799,2022-05-16
SPLK,96.35,Put,100,2022-06-17,32,10.65,10.9,11.15,10.53,3003,1484,2.02,77.42%,-0.518994,2022-05-16
AMD,94.24,Put,89,2022-05-20,4,1.03,1.05,1.07,1.05,4234,2109,2.01,77.44%,-0.22773,2022-05-16
AMC,11.71,Call,12,2022-05-20,4,0.65,0.66,0.66,0.66,15168,7549,2.01,161.11%,0.475777,2022-05-16
AMC,11.71,Put,9,2022-05-27,11,0.23,0.24,0.25,0.24,1002,500,2,155.34%,-0.133283,2022-05-16
BA,124.05,Put,125,2022-06-10,25,7.6,7.8,8,7.95,622,313,1.99,57.48%,-0.490234,2022-05-16
SNAP,23.42,Call,26,2022-05-27,11,0.46,0.48,0.49,0.48,771,389,1.98,82.55%,0.25537,2022-05-16
LAZR,9.99,Call,12.5,2022-06-17,32,0.36,0.38,0.39,0.43,847,427,1.98,94.71%,0.254895,2022-05-16
GOOGL,2288.9,Call,2300,2022-05-20,4,33.8,35.1,36.4,35.8,1195,604,1.98,42.91%,0.466028,2022-05-16
KDNY,13.75,Call,30,2022-10-21,158,0.1,0.8,1.5,0.86,1604,810,1.98,104.49%,0.214441,2022-05-16
NVDA,172.64,Call,172.5,2022-05-20,4,5.6,6.05,6.5,6.04,2361,1193,1.98,82.87%,0.520984,2022-05-16
MULN,1.17,Put,1,2022-05-27,11,0.05,0.1,0.15,0.1,1568,795,1.97,230.62%,-0.276792,2022-05-16
BABA,86.48,Put,75,2022-10-21,158,8.5,8.63,8.75,8.25,1802,913,1.97,64.78%,-0.292078,2022-05-16
JNJ,178.08,Call,180,2022-07-15,60,3.85,4.15,4.45,4.55,5901,2988,1.97,18.39%,0.440268,2022-05-16
SPCE,6.2,Call,7,2022-05-27,11,0.18,0.19,0.2,0.19,559,286,1.95,107.38%,0.288438,2022-05-16
AAPL,145.54,Put,110,2022-10-21,158,2.87,2.93,2.98,2.8,2255,1155,1.95,42.26%,-0.127568,2022-05-16
AFRM,22.95,Call,25,2022-05-20,4,0.71,0.75,0.79,0.74,6712,3445,1.95,155.55%,0.328485,2022-05-16
M,20.92,Put,20,2022-06-17,32,1.6,1.64,1.67,1.62,1438,743,1.94,84.09%,-0.383027,2022-05-16
TSLA,724.37,Put,675,2022-05-20,4,10.9,11.03,11.15,11.01,2326,1201,1.94,100.42%,-0.234485,2022-05-16
C,47.46,Call,57.5,2022-08-19,95,0.46,0.49,0.51,0.47,8150,4199,1.94,32.60%,0.12801,2022-05-16
AMC,11.71,Call,14,2022-05-20,4,0.2,0.21,0.21,0.2,10852,5580,1.94,173.67%,0.18629,2022-05-16
ATUS,9.35,Put,7,2022-09-16,123,0.55,0.63,0.7,0.65,2317,1201,1.93,83.23%,-0.20024,2022-05-16
LCID,17.36,Call,19,2022-05-20,4,0.29,0.31,0.32,0.3,7055,3658,1.93,117.34%,0.250291,2022-05-16
SHOP,359.95,Call,450,2022-05-20,4,1.05,1.1,1.15,1.08,2019,1049,1.92,128.26%,0.05527,2022-05-16
TSLA,724.37,Call,850,2022-05-20,4,1.14,1.17,1.2,1.14,17141,8939,1.92,87.02%,0.043627,2022-05-16
DAC,81.65,Call,85,2022-05-20,4,2.8,3.05,3.3,3.15,1320,691,1.91,133.65%,0.412807,2022-05-16
NVDA,172.64,Call,180,2022-05-27,11,7.1,7.32,7.55,7.35,2556,1340,1.91,87.14%,0.420518,2022-05-16
ALDX,2.5,Call,2.5,2022-06-17,32,0.15,0.33,0.5,0.49,980,517,1.9,167.64%,0.598,2022-05-16
TSLA,724.37,Put,695,2022-05-20,4,16.15,16.35,16.55,16.53,1036,544,1.9,97.46%,-0.323926,2022-05-16
AMD,94.24,Put,95,2022-05-20,4,3.25,3.28,3.3,3.25,19284,10204,1.89,72.24%,-0.527273,2022-05-16
RBLX,32.14,Put,24,2022-05-27,11,0.3,0.32,0.33,0.25,522,277,1.88,133.23%,-0.084027,2022-05-16
AG,8.13,Call,13,2023-01-20,249,0.63,0.66,0.68,0.66,676,361,1.87,69.27%,0.294482,2022-05-16
BAC,34.81,Call,35.5,2022-05-20,4,0.29,0.31,0.32,0.3,2959,1584,1.87,39.78%,0.324118,2022-05-16
KO,65.96,Call,65,2022-08-19,95,3.25,3.33,3.4,3.45,9432,5047,1.87,22.77%,0.554887,2022-05-16
CC,40.53,Call,42,2022-07-15,60,2.35,2.4,2.45,2.73,557,299,1.86,47.25%,0.455486,2022-05-16
BA,124.05,Put,90,2022-06-17,32,0.82,0.86,0.9,0.85,1104,592,1.86,76.67%,-0.063367,2022-05-16
AAPL,145.54,Call,148,2022-05-27,11,2.86,2.89,2.92,2.74,1266,681,1.86,39.47%,0.415684,2022-05-16
CCL,14.09,Put,7.5,2024-01-19,613,0.95,1.02,1.09,1,10000,5387,1.86,62.75%,-0.118584,2022-05-16
AAPL,145.54,Call,150,2022-05-20,4,0.95,0.96,0.96,0.97,67621,36363,1.86,42.16%,0.253557,2022-05-16
AXP,156.43,Put,150,2023-06-16,396,18.2,18.9,19.6,18.5,552,300,1.84,32.67%,-0.394905,2022-05-16
AMZN,2216.21,Call,2280,2022-05-20,4,23.8,24.45,25.1,24,640,348,1.84,52.73%,0.313275,2022-05-16
AMZN,2216.21,Put,2000,2022-05-20,4,4.3,4.45,4.6,4.47,3433,1862,1.84,66.23%,-0.064843,2022-05-16
AAPL,145.54,Put,134,2022-05-20,4,0.26,0.27,0.28,0.28,1701,932,1.83,55.30%,-0.072855,2022-05-16
NVDA,172.64,Put,170,2022-05-20,4,4.6,4.7,4.8,4.75,15345,8386,1.83,83.57%,-0.413006,2022-05-16
NVDA,172.64,Put,160,2022-05-20,4,1.8,1.82,1.83,1.8,8315,4611,1.8,88.83%,-0.193758,2022-05-16
RIOT,7.19,Call,7.5,2022-05-20,4,0.36,0.38,0.39,0.39,1020,570,1.79,173.26%,0.443508,2022-05-16
NVDA,172.64,Put,155,2022-05-20,4,1.03,1.07,1.1,1.07,4520,2519,1.79,92.81%,-0.123439,2022-05-16
MPC,96.47,Call,85,2022-05-20,4,11.25,11.53,11.8,11.6,8815,4937,1.79,73.58%,0.954202,2022-05-16
TWTR,37.39,Put,38,2022-05-20,4,1.6,1.72,1.84,1.82,8878,4986,1.78,95.03%,-0.544973,2022-05-16
PBR,14.85,Put,14,2022-05-27,11,0.69,0.75,0.82,0.73,596,337,1.77,107.96%,-0.349557,2022-05-16
KR,53.2,Put,52,2022-05-20,4,0.43,0.44,0.45,0.46,919,519,1.77,41.65%,-0.294138,2022-05-16
WOW,21.52,Call,20,2022-05-20,4,1.15,1.85,2.55,1.6,1215,692,1.76,60.39%,0.883071,2022-05-16
HEAR,17.49,Call,20,2022-06-17,32,1.8,1.98,2.15,2,1361,774,1.76,140.98%,0.455175,2022-05-16
HPQ,37.51,Put,36,2022-05-27,11,0.52,0.54,0.57,0.55,1533,873,1.76,44.84%,-0.288704,2022-05-16
TSLA,724.37,Put,700,2022-05-27,11,30.8,31,31.2,31.1,1786,1013,1.76,85.59%,-0.380314,2022-05-16
F,13.05,Call,13,2023-01-20,249,2.03,2.07,2.11,2.04,3258,1847,1.76,50.20%,0.563962,2022-05-16
NFLX,186.51,Call,190,2022-05-20,4,4.15,4.25,4.35,4.25,4781,2730,1.75,74.17%,0.420746,2022-05-16
TSLA,724.37,Put,680,2022-05-20,4,12,12.15,12.3,11.95,5846,3332,1.75,99.36%,-0.25469,2022-05-16
MPC,96.47,Call,87.5,2022-05-20,4,8.75,9.05,9.35,9.05,7056,4027,1.75,54.74%,0.959025,2022-05-16
AFRM,22.95,Put,20,2022-05-27,11,0.9,0.95,0.99,0.99,535,308,1.74,145.23%,-0.250837,2022-05-16
AMZN,2216.21,Put,2160,2022-05-20,4,28.1,28.7,29.3,29.15,540,311,1.74,57.51%,-0.323875,2022-05-16
NFLX,186.51,Put,187.5,2022-05-20,4,6.15,6.23,6.3,6.52,879,505,1.74,73.22%,-0.512271,2022-05-16
FB,200.04,Call,225,2022-05-27,11,0.65,0.67,0.69,0.66,1354,779,1.74,48.50%,0.087806,2022-05-16
NIO,14.55,Call,17,2022-05-27,11,0.33,0.35,0.36,0.33,1775,1018,1.74,107.32%,0.228976,2022-05-16
RBLX,32.14,Put,28,2022-05-20,4,0.4,0.43,0.46,0.47,2568,1484,1.73,142.63%,-0.159059,2022-05-16
MULN,1.17,Call,1.5,2022-05-27,11,0.1,0.13,0.15,0.1,3239,1869,1.73,249.84%,0.36088,2022-05-16
NRGV,10.36,Call,7.5,2022-05-20,4,2.6,2.85,3.1,2.75,500,290,1.72,310.72%,0.876142,2022-05-16
COP,105.5,Call,105,2022-07-15,60,7.15,7.38,7.6,8.15,1019,592,1.72,42.74%,0.538931,2022-05-16
TLRY,4.88,Call,5,2022-05-27,11,0.34,0.35,0.36,0.36,2790,1622,1.72,122.20%,0.496622,2022-05-16
AMD,94.24,Call,100,2022-05-27,11,2,2.03,2.05,2,5745,3338,1.72,63.64%,0.314972,2022-05-16
AMZN,2216.21,Call,2450,2022-05-20,4,2.1,2.24,2.37,2.25,816,476,1.71,55.16%,0.043836,2022-05-16
HON,193.96,Put,180,2023-01-20,249,10.7,10.95,11.2,11.3,2012,1176,1.71,26.17%,-0.343441,2022-05-16
AMC,11.71,Call,14.5,2022-05-20,4,0.15,0.16,0.17,0.17,3570,2084,1.71,184.50%,0.15625,2022-05-16
MRK,92.32,Call,93,2022-05-20,4,0.6,0.67,0.74,0.62,1031,605,1.7,24.07%,0.3859,2022-05-16
AAPL,145.54,Call,150,2022-06-24,39,4.7,4.78,4.85,4.7,1191,699,1.7,34.96%,0.415806,2022-05-16
XOM,90.95,Call,92,2022-05-20,4,0.97,0.98,0.99,0.94,4772,2808,1.7,38.19%,0.391064,2022-05-16
AMD,94.24,Put,91,2022-05-27,11,2.92,2.95,2.98,3.02,536,318,1.69,68.34%,-0.361578,2022-05-16
ABT,109.71,Call,110,2022-05-20,4,1.26,1.41,1.56,1.39,785,465,1.69,33.55%,0.475215,2022-05-16
NIO,14.55,Put,14,2022-05-20,4,0.47,0.48,0.48,0.48,4551,2690,1.69,121.19%,-0.356732,2022-05-16
AMZN,2216.21,Put,2180,2022-05-20,4,34.7,35.43,36.15,35.03,503,300,1.68,55.68%,-0.377598,2022-05-16
PTON,15.48,Put,15.5,2022-05-20,4,0.78,0.8,0.82,0.82,515,307,1.68,125.30%,-0.477776,2022-05-16
COIN,61.7,Call,70,2022-07-15,60,9.6,10,10.4,10,526,314,1.68,130.82%,0.510847,2022-05-16
GME,91.8,Call,125,2022-05-20,4,0.57,0.6,0.63,0.56,1114,663,1.68,193.50%,0.077409,2022-05-16
AMC,11.71,Put,12.5,2022-05-20,4,1.23,1.27,1.3,1.25,2228,1326,1.68,157.14%,-0.623501,2022-05-16
CHPT,9.94,Put,10,2022-05-20,4,0.45,0.46,0.47,0.47,26145,15549,1.68,105.58%,-0.499682,2022-05-16
PFE,50.67,Call,52,2022-05-20,4,0.26,0.27,0.28,0.27,3167,1900,1.67,35.51%,0.246031,2022-05-16
PFE,50.67,Call,51,2022-05-20,4,0.66,0.68,0.7,0.71,3870,2311,1.67,39.65%,0.443166,2022-05-16
AMC,11.71,Put,10.5,2022-05-20,4,0.26,0.28,0.29,0.27,4520,2699,1.67,155.30%,-0.225946,2022-05-16
AG,8.13,Call,8.5,2022-05-20,4,0.14,0.15,0.15,0.14,623,376,1.66,83.00%,0.319436,2022-05-16
DKNG,12.48,Call,13,2022-05-27,11,0.61,0.64,0.67,0.64,664,401,1.66,99.37%,0.440214,2022-05-16
AGCO,123.6,Call,125,2022-06-17,32,3.4,4.05,4.7,4.15,767,462,1.66,33.03%,0.471395,2022-05-16
TSLA,724.37,Call,815,2022-05-20,4,2.94,3.05,3.15,3,890,537,1.66,85.37%,0.101243,2022-05-16
PINS,21.49,Call,23,2022-05-20,4,0.3,0.32,0.33,0.3,2695,1628,1.66,91.57%,0.25445,2022-05-16
GFS,53.1,Put,40,2022-06-17,32,0.45,0.55,0.65,0.66,2856,1717,1.66,77.50%,-0.088596,2022-05-16
F,13.05,Call,13.5,2022-05-20,4,0.16,0.17,0.17,0.16,6264,3763,1.66,61.31%,0.308261,2022-05-16
MSFT,261.5,Call,270,2022-05-27,11,2.87,3.01,3.15,2.84,1178,712,1.65,34.80%,0.307235,2022-05-16
FB,200.04,Put,182.5,2022-05-20,4,0.61,0.64,0.66,0.64,1527,927,1.65,68.19%,-0.093183,2022-05-16
RBLX,32.14,Call,35,2022-05-20,4,0.76,0.77,0.77,0.76,5578,3384,1.65,132.05%,0.291963,2022-05-16
NVDA,172.64,Call,200,2022-05-20,4,0.24,0.26,0.27,0.27,21530,13045,1.65,81.32%,0.045936,2022-05-16
NKLA,5.77,Call,6,2022-05-20,4,0.28,0.29,0.3,0.29,27461,16687,1.65,160.68%,0.441045,2022-05-16
TSLA,724.37,Put,450,2022-05-27,11,1.05,1.06,1.07,1.07,699,425,1.64,135.59%,-0.01618,2022-05-16
AAPL,145.54,Call,143,2022-05-20,4,4.3,4.35,4.4,4.25,776,473,1.64,48.32%,0.645148,2022-05-16
XOM,90.95,Put,91,2022-05-20,4,1.45,1.49,1.53,1.51,996,612,1.63,38.58%,-0.501367,2022-05-16
AAPL,145.54,Call,162.5,2022-05-27,11,0.17,0.18,0.19,0.17,1548,952,1.63,36.89%,0.045345,2022-05-16
ABNB,114.44,Put,110,2022-05-20,4,1.94,2.07,2.2,2.15,2124,1300,1.63,85.02%,-0.312356,2022-05-16
RBLX,32.14,Call,37,2022-05-20,4,0.37,0.39,0.41,0.39,960,594,1.62,132.90%,0.172924,2022-05-16
FB,200.04,Call,210,2022-05-20,4,1.36,1.38,1.4,1.35,20939,12891,1.62,56.13%,0.212544,2022-05-16
SHOP,359.95,Call,420,2022-05-20,4,2.6,2.85,3.1,2.6,918,569,1.61,120.23%,0.122411,2022-05-16
BA,124.05,Put,105,2022-05-20,4,0.22,0.23,0.24,0.22,843,528,1.6,95.02%,-0.042195,2022-05-16
NVDA,172.64,Put,175,2022-06-03,18,12.15,13.63,15.1,13.5,1189,744,1.6,79.85%,-0.495257,2022-05-16
NVDA,172.64,Call,182.5,2022-05-20,4,2.1,2.37,2.64,2.19,3163,1974,1.6,78.85%,0.263767,2022-05-16
LIDR,5.5,Call,6,2022-06-17,32,0.3,0.45,0.6,0.6,670,421,1.59,122.36%,0.476456,2022-05-16
BMBL,25.81,Put,25,2022-06-17,32,2.35,2.4,2.45,2.55,721,454,1.59,93.15%,-0.39993,2022-05-16
NFLX,186.51,Call,192.5,2022-05-20,4,3.2,3.33,3.45,3.32,1174,739,1.59,73.72%,0.35528,2022-05-16
UPS,179.77,Call,190,2022-05-20,4,0.16,0.18,0.2,0.19,3849,2425,1.59,35.01%,0.06667,2022-05-16
MSFT,261.5,Call,265,2022-05-20,4,2.61,2.68,2.75,2.64,3963,2487,1.59,37.91%,0.375407,2022-05-16
AAPL,145.54,Put,138,2022-05-20,4,0.63,0.65,0.67,0.67,4547,2851,1.59,51.93%,-0.157541,2022-05-16
BAC,34.81,Call,34,2022-05-20,4,1.1,1.13,1.15,1.09,510,323,1.58,44.98%,0.698326,2022-05-16
BILI,20.63,Call,23,2022-05-20,4,0.5,0.53,0.56,0.53,948,600,1.58,155.00%,0.277876,2022-05-16
TSLA,724.37,Call,850,2022-05-27,11,5,5.13,5.25,5.15,1405,889,1.58,74.01%,0.118881,2022-05-16
HD,295.99,Put,240,2022-05-20,4,0.49,0.5,0.51,0.5,1229,783,1.57,113.66%,-0.034411,2022-05-16
AAPL,145.54,Call,150,2022-05-27,11,2.05,2.08,2.1,2.04,6229,3967,1.57,38.28%,0.335872,2022-05-16
AMZN,2216.21,Put,2200,2022-07-15,60,149.3,150.7,152.1,152.43,614,393,1.56,44.49%,-0.447931,2022-05-16
OXY,67.72,Call,67.5,2022-05-20,4,2.36,2.39,2.42,2.35,4078,2613,1.56,80.82%,0.531804,2022-05-16
COIN,61.7,Put,60,2022-05-20,4,4,4.1,4.2,4.1,2282,1475,1.55,193.29%,-0.405448,2022-05-16
ACB,2.95,Call,3,2022-05-20,4,0.11,0.11,0.12,0.11,2670,1720,1.55,107.52%,0.462926,2022-05-16
RBLX,32.14,Call,36.5,2022-05-20,4,0.45,0.46,0.48,0.45,514,333,1.54,131.25%,0.19565,2022-05-16
AMC,11.71,Call,17,2022-05-27,11,0.27,0.28,0.28,0.27,765,496,1.54,184.37%,0.157518,2022-05-16
BA,124.05,Put,120,2022-05-20,4,2,2.05,2.09,2.07,5388,3489,1.54,73.66%,-0.319506,2022-05-16
FB,200.04,Call,225,2022-06-10,25,1.9,2,2.1,2.04,554,363,1.53,44.66%,0.171634,2022-05-16
RBLX,32.14,Put,31.5,2022-05-20,4,1.45,1.51,1.56,1.56,576,376,1.53,140.29%,-0.416675,2022-05-16
BA,124.05,Call,133,2022-05-20,4,0.64,0.69,0.74,0.66,720,472,1.53,63.87%,0.156582,2022-05-16
SHOP,359.95,Call,500,2022-05-20,4,0.35,0.38,0.4,0.35,1115,730,1.53,145.16%,0.018473,2022-05-16
AFRM,22.95,Put,18,2022-05-20,4,0.14,0.16,0.17,0.16,2855,1867,1.53,175.03%,-0.078154,2022-05-16
AMD,94.24,Put,90,2022-05-20,4,1.27,1.3,1.33,1.31,14566,9507,1.53,76.96%,-0.270339,2022-05-16
ED,95.04,Call,85,2022-05-20,4,9.8,10.15,10.5,10.3,886,583,1.52,77.56%,0.921659,2022-05-16
UPST,37.79,Call,45,2022-05-20,4,0.64,0.65,0.65,0.63,4099,2699,1.52,171.21%,0.18815,2022-05-16
AMD,94.24,Call,99,2022-05-20,4,1.07,1.09,1.11,1.07,4405,2902,1.52,70.34%,0.263555,2022-05-16
COIN,61.7,Put,70,2022-07-15,60,17.9,18.2,18.5,16.7,518,343,1.51,129.82%,-0.490697,2022-05-16
FCX,35.15,Call,35.5,2022-05-20,4,0.76,0.79,0.81,0.75,543,359,1.51,64.49%,0.454494,2022-05-16
TSLA,724.37,Call,845,2022-05-20,4,1.27,1.33,1.39,1.33,1010,667,1.51,86.99%,0.049887,2022-05-16
HUSA,3.49,Call,4,2022-05-20,4,0.15,0.2,0.25,0.25,2425,1605,1.51,296.27%,0.387913,2022-05-16
SOFI,6.91,Call,7.5,2022-05-20,4,0.1,0.11,0.11,0.1,11032,7302,1.51,103.00%,0.24007,2022-05-16
MARA,10.32,Put,25,2022-12-16,214,15.85,15.98,16.1,15.91,517,345,1.5,119.82%,-0.693467,2022-05-16
TSLA,724.37,Put,540,2022-05-20,4,0.74,0.78,0.82,0.77,1486,989,1.5,140.03%,-0.018905,2022-05-16
KHC,44.08,Call,47.5,2022-06-17,32,0.22,0.24,0.25,0.25,3991,2662,1.5,24.78%,0.153468,2022-05-16
AAPL,145.54,Call,155,2022-05-20,4,0.21,0.22,0.22,0.22,47145,31495,1.5,41.79%,0.077917,2022-05-16
SPCE,6.2,Call,9,2022-10-21,158,0.73,0.75,0.77,0.78,1010,678,1.49,93.60%,0.383099,2022-05-16
LCID,17.36,Call,18,2022-05-20,4,0.53,0.58,0.62,0.54,5413,3630,1.49,111.22%,0.400213,2022-05-16
ATER,3.48,Call,3.5,2022-05-27,11,0.45,0.48,0.51,0.45,589,397,1.48,191.17%,0.559088,2022-05-16
NUE,119.75,Put,115,2022-06-17,32,5.4,5.53,5.65,5.55,785,529,1.48,55.09%,-0.373544,2022-05-16
ATER,3.48,Put,3,2022-05-20,4,0.14,0.15,0.15,0.14,1261,850,1.48,241.42%,-0.237698,2022-05-16
MGM,35.07,Call,38,2022-05-20,4,0.08,0.1,0.11,0.1,931,632,1.47,58.57%,0.100586,2022-05-16
COOP,42.79,Put,45,2022-06-17,32,3.4,3.8,4.2,3.5,1000,678,1.47,42.90%,-0.63043,2022-05-16
CZR,51.99,Call,60,2022-05-20,4,0.08,0.14,0.2,0.21,1053,715,1.47,89.04%,0.068013,2022-05-16
AMC,11.71,Call,16,2022-05-27,11,0.32,0.33,0.34,0.33,1349,920,1.47,175.67%,0.191822,2022-05-16
TSLA,724.37,Call,800,2022-05-27,11,13,13.15,13.3,12.95,1635,1116,1.47,76.14%,0.246557,2022-05-16
GME,91.8,Call,100,2022-05-20,4,2.71,2.83,2.95,2.78,2284,1549,1.47,150.34%,0.320957,2022-05-16
BAC,34.81,Put,29,2022-11-18,186,1.41,1.44,1.48,1.53,717,490,1.46,39.00%,-0.223328,2022-05-16
AAPL,145.54,Put,146,2022-05-27,11,4.2,4.28,4.35,4.4,1294,885,1.46,39.90%,-0.505358,2022-05-16
AZN,64.49,Call,65,2022-05-20,4,0.54,0.59,0.64,0.61,1855,1270,1.46,31.38%,0.408215,2022-05-16
BA,124.05,Call,140,2022-05-20,4,0.15,0.17,0.19,0.16,2349,1613,1.46,67.06%,0.045723,2022-05-16
PDSB,5.15,Call,30,2024-01-19,613,1.45,1.67,1.9,1.67,914,632,1.45,144.94%,0.500356,2022-05-16
NFLX,186.51,Call,197.5,2022-05-20,4,1.94,2.01,2.08,2.02,954,659,1.45,74.55%,0.243624,2022-05-16
NFLX,186.51,Put,185,2022-05-20,4,4.9,5.03,5.15,4.95,1923,1325,1.45,73.15%,-0.442568,2022-05-16
AMC,11.71,Put,12,2022-05-20,4,0.91,0.93,0.95,0.93,6276,4325,1.45,157.01%,-0.526585,2022-05-16
CCEP,52.4,Put,50,2022-08-19,95,2.4,2.55,2.7,2.45,514,356,1.44,33.83%,-0.360187,2022-05-16
DWAC,45.75,Call,35,2022-05-20,4,10.45,10.9,11.35,10.4,861,596,1.44,158.74%,0.954955,2022-05-16
NVDA,172.64,Put,157.5,2022-05-20,4,1.36,1.4,1.44,1.4,1399,970,1.44,90.96%,-0.155887,2022-05-16
NVDA,172.64,Call,192.5,2022-05-20,4,0.58,0.68,0.77,0.64,2959,2057,1.44,78.30%,0.098952,2022-05-16
SLB,42.14,Put,42,2022-05-20,4,0.86,0.92,0.97,0.86,534,374,1.43,52.70%,-0.465875,2022-05-16
TSLA,724.37,Put,620,2022-05-20,4,3.35,3.45,3.55,3.55,1392,973,1.43,113.50%,-0.085517,2022-05-16
AMC,11.71,Put,11.5,2022-05-20,4,0.65,0.67,0.68,0.66,10825,7544,1.43,157.08%,-0.42376,2022-05-16
ATER,3.48,Call,3.5,2022-05-20,4,0.32,0.33,0.34,0.32,3768,2662,1.42,226.89%,0.537692,2022-05-16
SG,16.61,Put,25,2022-05-20,4,8.4,8.75,9.1,8.9,522,370,1.41,354.20%,-0.820533,2022-05-16
DKNG,12.48,Put,12,2022-05-20,4,0.39,0.41,0.42,0.41,1117,791,1.41,121.53%,-0.354965,2022-05-16
NTR,101.36,Put,96,2022-05-20,4,0.5,0.68,0.85,0.64,9874,7025,1.41,59.04%,-0.182274,2022-05-16
TLRY,4.88,Call,5,2022-05-20,4,0.25,0.25,0.25,0.26,9942,7070,1.41,148.61%,0.468759,2022-05-16
DIS,105.18,Call,110,2022-06-17,32,2.5,2.56,2.62,2.5,10294,7294,1.41,35.48%,0.354166,2022-05-16
AUY,4.97,Call,5,2022-06-17,32,0.26,0.28,0.3,0.28,15086,10666,1.41,50.91%,0.508829,2022-05-16
TSLA,724.37,Put,740,2022-05-27,11,48.55,49.05,49.55,49.55,508,364,1.4,81.45%,-0.532003,2022-05-16
VTNR,14.11,Put,15,2022-07-15,60,3,3.15,3.3,3.14,756,540,1.4,114.54%,-0.46,2022-05-16
MS,79.9,Put,76,2022-05-20,4,0.33,0.37,0.4,0.36,804,573,1.4,49.32%,-0.161526,2022-05-16
GOOGL,2288.9,Call,2450,2022-05-20,4,1.7,2.03,2.35,1.8,886,634,1.4,38.50%,0.047718,2022-05-16
NFLX,186.51,Call,205,2022-05-20,4,0.85,0.9,0.94,0.91,2776,1985,1.4,76.40%,0.126719,2022-05-16
BA,124.05,Call,125,2022-05-20,4,3.05,3.15,3.25,3.05,807,580,1.39,67.41%,0.47096,2022-05-16
TSLA,724.37,Put,520,2022-05-20,4,0.53,0.59,0.64,0.65,1361,977,1.39,149.29%,-0.013944,2022-05-16
OXY,67.72,Call,66,2022-05-20,4,3.3,3.35,3.4,3.4,2112,1519,1.39,87.70%,0.627522,2022-05-16
AA,60.28,Put,55,2022-05-20,4,0.41,0.44,0.48,0.46,19879,14265,1.39,88.92%,-0.151342,2022-05-16
ASMB,1.61,Call,2.5,2022-11-18,186,0.4,0.5,0.6,0.41,879,635,1.38,140.20%,0.524174,2022-05-16
AMD,94.24,Put,97,2022-05-20,4,4.35,4.43,4.5,4.54,1005,730,1.38,70.98%,-0.637344,2022-05-16
JPM,118.26,Put,112,2022-05-20,4,0.3,0.33,0.37,0.34,1101,800,1.38,45.05%,-0.121108,2022-05-16
AAPL,145.54,Put,145,2022-07-15,60,7.8,7.88,7.95,8.05,13430,9703,1.38,34.39%,-0.464076,2022-05-16
AMD,94.24,Call,104,2022-05-27,11,1.03,1.05,1.07,1,627,458,1.37,62.24%,0.195424,2022-05-16
SHOP,359.95,Put,350,2022-05-20,4,12.6,13.1,13.6,12.7,1175,858,1.37,116.24%,-0.385431,2022-05-16
TSLA,724.37,Put,500,2022-05-27,11,2.01,2.04,2.07,2.07,1527,1113,1.37,122.19%,-0.031898,2022-05-16
AAPL,145.54,Call,145,2022-05-27,11,4.35,4.43,4.5,4.25,2181,1593,1.37,41.38%,0.533995,2022-05-16
AMC,11.71,Call,12,2022-05-27,11,1.06,1.09,1.12,1.08,2311,1685,1.37,148.96%,0.513831,2022-05-16
VTNR,14.11,Call,5,2022-10-21,158,9,9.2,9.4,9.2,1120,826,1.36,92.64%,0.977622,2022-05-16
AMD,94.24,Call,96,2022-05-27,11,3.45,3.53,3.6,3.45,1611,1184,1.36,64.89%,0.457018,2022-05-16
TSLA,724.37,Call,840,2022-05-20,4,1.5,1.54,1.57,1.55,1663,1219,1.36,86.98%,0.056939,2022-05-16
NKE,112.6,Call,115,2022-07-15,60,6.2,6.38,6.55,6.57,1711,1262,1.36,41.34%,0.479066,2022-05-16
ONON,20.4,Call,20,2022-05-20,4,1.75,1.85,1.95,1.8,735,549,1.34,189.04%,0.578879,2022-05-16
OXY,67.72,Call,69,2022-05-20,4,1.59,1.63,1.67,1.7,867,649,1.34,77.56%,0.424238,2022-05-16
TSLA,724.37,Call,2200,2023-06-16,396,15.35,17.03,18.7,16.1,611,459,1.33,64.06%,0.091556,2022-05-16
DIS,105.18,Call,106,2022-05-20,4,1.46,1.5,1.54,1.5,1795,1364,1.32,42.68%,0.43978,2022-05-16
GOOGL,2288.9,Call,2400,2022-05-20,4,5.2,5.5,5.8,5.43,3114,2367,1.32,38.22%,0.122077,2022-05-16
FB,200.04,Call,212.5,2022-05-20,4,0.87,0.92,0.97,0.91,4229,3204,1.32,55.22%,0.154691,2022-05-16
MSFT,261.5,Call,270,2022-05-20,4,1.19,1.26,1.32,1.21,14671,11111,1.32,37.42%,0.212019,2022-05-16
F,13.05,Call,15,2022-07-01,46,0.26,0.28,0.29,0.26,526,402,1.31,47.47%,0.222407,2022-05-16
NVDA,172.64,Call,190,2022-06-03,18,4.45,5.23,6,5.15,764,583,1.31,74.01%,0.308139,2022-05-16
BA,124.05,Call,130,2022-05-20,4,1.26,1.28,1.3,1.25,3388,2587,1.31,65.52%,0.258205,2022-05-16
EVEX,7.63,Call,10,2022-06-17,32,0.55,0.63,0.7,0.7,749,575,1.3,157.57%,0.364439,2022-05-16
DLO,18.65,Put,15,2022-05-20,4,0.5,0.58,0.65,0.65,1178,909,1.3,280.61%,-0.187163,2022-05-16
TSLA,724.37,Put,640,2022-05-20,4,5.15,5.25,5.35,5.29,1632,1260,1.3,107.77%,-0.124209,2022-05-16
CVX,173.01,Call,160,2023-06-16,396,27.1,27.75,28.4,27.1,526,409,1.29,33.50%,0.62104,2022-05-16
TSLA,724.37,Put,690,2022-09-16,123,98.4,99.55,100.7,94.65,550,425,1.29,71.31%,-0.372812,2022-05-16
AMZN,2216.21,Call,2200,2022-05-20,4,59.35,60.43,61.5,60.12,1643,1269,1.29,55.98%,0.561431,2022-05-16
TSLA,724.37,Call,825,2022-05-20,4,2.2,2.28,2.36,2.33,1902,1479,1.29,86.18%,0.081243,2022-05-16
MARA,10.32,Call,25,2022-12-16,214,1.13,1.21,1.3,1.26,504,395,1.28,120.90%,0.311015,2022-05-16
TLRY,4.88,Call,6,2022-06-03,18,0.16,0.17,0.17,0.17,525,411,1.28,117.12%,0.253197,2022-05-16
FB,200.04,Put,170,2022-06-10,25,1.95,2.01,2.06,2.03,606,474,1.28,58.04%,-0.125619,2022-05-16
CAT,207.19,Call,212.5,2022-05-20,4,1.66,1.77,1.87,1.94,609,474,1.28,44.13%,0.298275,2022-05-16
VOD,15.02,Put,14,2022-05-20,4,0.11,0.13,0.14,0.12,656,513,1.28,75.71%,-0.179184,2022-05-16
RBLX,32.14,Call,40,2022-05-27,11,0.43,0.45,0.47,0.43,682,531,1.28,110.18%,0.147258,2022-05-16
JD,51.53,Call,53,2022-05-20,4,2.16,2.25,2.34,2.22,1664,1299,1.28,132.79%,0.447146,2022-05-16
NIO,14.55,Call,16.5,2022-05-27,11,0.43,0.45,0.46,0.44,522,411,1.27,108.60%,0.28334,2022-05-16
AMC,11.71,Call,11.5,2022-05-20,4,0.88,0.89,0.9,0.88,2410,1892,1.27,159.16%,0.576102,2022-05-16
KO,65.96,Call,67,2022-05-20,4,0.24,0.26,0.27,0.26,4075,3214,1.27,23.70%,0.264768,2022-05-16
EL,235.38,Call,250,2022-07-15,60,8,8.4,8.8,9.5,1002,798,1.26,37.49%,0.370265,2022-05-16
HD,295.99,Put,250,2022-05-20,4,0.82,0.83,0.83,0.83,1210,959,1.26,105.56%,-0.056928,2022-05-16
BMY,76.91,Put,70,2022-07-15,60,0.68,0.73,0.78,0.69,1743,1380,1.26,24.01%,-0.165676,2022-05-16
AMD,94.24,Call,101,2022-05-20,4,0.64,0.66,0.68,0.66,5901,4685,1.26,70.00%,0.181721,2022-05-16
OXY,67.72,Put,63,2022-05-20,4,0.41,0.43,0.44,0.42,748,600,1.25,70.57%,-0.155333,2022-05-16
INTC,43.08,Call,43,2022-05-20,4,0.75,0.77,0.78,0.75,1114,894,1.25,39.86%,0.523174,2022-05-16
DE,374.45,Call,400,2022-05-20,4,2.55,2.71,2.86,2.59,1182,946,1.25,67.69%,0.184637,2022-05-16
TSLA,724.37,Put,705,2022-05-20,4,19.6,19.83,20.05,19.95,1460,1171,1.25,95.86%,-0.374365,2022-05-16
TSLA,724.37,Put,770,2022-05-20,4,54.95,55.7,56.45,56.43,2063,1652,1.25,89.39%,-0.727791,2022-05-16
TLRY,4.88,Call,5.5,2022-05-27,11,0.18,0.19,0.2,0.18,3835,3080,1.25,116.93%,0.312838,2022-05-16
LCID,17.36,Call,20.5,2022-05-20,4,0.1,0.11,0.12,0.11,871,702,1.24,122.25%,0.108382,2022-05-16
PYPL,77.65,Call,90,2022-07-15,60,3.45,3.5,3.55,3.55,1733,1399,1.24,61.52%,0.320224,2022-05-16
PFE,50.67,Call,62.5,2022-09-16,123,0.5,0.53,0.55,0.52,2102,1696,1.24,30.66%,0.125103,2022-05-16
RBLX,32.14,Call,40,2022-05-20,4,0.13,0.14,0.15,0.13,3642,2938,1.24,134.38%,0.068781,2022-05-16
"Downloaded from Barchart.com as of 09-20-2023 02:17am CDT"
